Country / Region,Financial_Year,Trade_Value_Crore,Year,Trade_Type,Mineral,Subtype
AUSTRALIA,2017-2018,2194.52,2018,Import,Copper,Raw (Ore)
BRAZIL,2017-2018,2441.72,2018,Import,Copper,Raw (Ore)
CANADA,2017-2018,1832.79,2018,Import,Copper,Raw (Ore)
CHILE,2017-2018,11213.2,2018,Import,Copper,Raw (Ore)
CONGO D. REP.,2017-2018,639.22,2018,Import,Copper,Raw (Ore)
CONGO P REP,2017-2018,21.9,2018,Import,Copper,Raw (Ore)
GEORGIA,2017-2018,35.88,2018,Import,Copper,Raw (Ore)
GERMANY,2017-2018,0.24,2018,Import,Copper,Raw (Ore)
INDONESIA,2017-2018,4666.39,2018,Import,Copper,Raw (Ore)
LAO PD RP,2017-2018,172.18,2018,Import,Copper,Raw (Ore)
MEXICO,2017-2018,214.72,2018,Import,Copper,Raw (Ore)
PAPUA N GNA,2017-2018,316.35,2018,Import,Copper,Raw (Ore)
PERU,2017-2018,3417.19,2018,Import,Copper,Raw (Ore)
SAUDI ARAB,2017-2018,608.16,2018,Import,Copper,Raw (Ore)
TURKEY,2017-2018,60.02,2018,Import,Copper,Raw (Ore)
AUSTRALIA,2018-2019,2024.95,2019,Import,Copper,Raw (Ore)
BRAZIL,2018-2019,229.48,2019,Import,Copper,Raw (Ore)
CHILE,2018-2019,5409.07,2019,Import,Copper,Raw (Ore)
INDONESIA,2018-2019,2725.87,2019,Import,Copper,Raw (Ore)
MADAGASCAR,2018-2019,0.23,2019,Import,Copper,Raw (Ore)
PERU,2018-2019,1033.67,2019,Import,Copper,Raw (Ore)
PHILIPPINES,2018-2019,198.38,2019,Import,Copper,Raw (Ore)
SAUDI ARAB,2018-2019,420.72,2019,Import,Copper,Raw (Ore)
THAILAND,2018-2019,103.84,2019,Import,Copper,Raw (Ore)
AUSTRALIA,2019-2020,617.08,2020,Import,Copper,Raw (Ore)
CANADA,2019-2020,259.02,2020,Import,Copper,Raw (Ore)
CHILE,2019-2020,5612.74,2020,Import,Copper,Raw (Ore)
ETHIOPIA,2019-2020,0.05,2020,Import,Copper,Raw (Ore)
INDONESIA,2019-2020,493.27,2020,Import,Copper,Raw (Ore)
NIGERIA,2019-2020,0.07,2020,Import,Copper,Raw (Ore)
PANAMA REPUBLIC,2019-2020,234.0,2020,Import,Copper,Raw (Ore)
PERU,2019-2020,874.89,2020,Import,Copper,Raw (Ore)
PHILIPPINES,2019-2020,151.32,2020,Import,Copper,Raw (Ore)
SAUDI ARAB,2019-2020,314.23,2020,Import,Copper,Raw (Ore)
THAILAND,2019-2020,110.84,2020,Import,Copper,Raw (Ore)
BOSNIA-HRZGOVIN,2020-2021,0.08,2021,Import,Copper,Raw (Ore)
CANADA,2020-2021,296.97,2021,Import,Copper,Raw (Ore)
CHILE,2020-2021,2906.5,2021,Import,Copper,Raw (Ore)
INDONESIA,2020-2021,2139.14,2021,Import,Copper,Raw (Ore)
MALAYSIA,2020-2021,397.47,2021,Import,Copper,Raw (Ore)
SAUDI ARAB,2020-2021,166.71,2021,Import,Copper,Raw (Ore)
U K,2020-2021,0.2,2021,Import,Copper,Raw (Ore)
U S A,2020-2021,0.09,2021,Import,Copper,Raw (Ore)
AUSTRALIA,2021-2022,4188.06,2022,Import,Copper,Raw (Ore)
BRAZIL,2021-2022,669.85,2022,Import,Copper,Raw (Ore)
CANADA,2021-2022,902.91,2022,Import,Copper,Raw (Ore)
CHILE,2021-2022,6770.48,2022,Import,Copper,Raw (Ore)
CHINA P RP,2021-2022,0.04,2022,Import,Copper,Raw (Ore)
CONGO P REP,2021-2022,0.28,2022,Import,Copper,Raw (Ore)
INDONESIA,2021-2022,4608.39,2022,Import,Copper,Raw (Ore)
PANAMA REPUBLIC,2021-2022,1769.41,2022,Import,Copper,Raw (Ore)
PERU,2021-2022,2567.6,2022,Import,Copper,Raw (Ore)
SAUDI ARAB,2021-2022,747.25,2022,Import,Copper,Raw (Ore)
THAILAND,2021-2022,157.0,2022,Import,Copper,Raw (Ore)
U S A,2021-2022,0.15,2022,Import,Copper,Raw (Ore)
AUSTRALIA,2022-2023,3627.65,2023,Import,Copper,Raw (Ore)
BRAZIL,2022-2023,378.67,2023,Import,Copper,Raw (Ore)
CANADA,2022-2023,813.66,2023,Import,Copper,Raw (Ore)
CHILE,2022-2023,7249.85,2023,Import,Copper,Raw (Ore)
COLOMBIA,2022-2023,80.9,2023,Import,Copper,Raw (Ore)
INDONESIA,2022-2023,7314.51,2023,Import,Copper,Raw (Ore)
MALAYSIA,2022-2023,1130.42,2023,Import,Copper,Raw (Ore)
PANAMA REPUBLIC,2022-2023,1640.63,2023,Import,Copper,Raw (Ore)
PAPUA N GNA,2022-2023,1343.91,2023,Import,Copper,Raw (Ore)
PERU,2022-2023,3118.51,2023,Import,Copper,Raw (Ore)
TAIWAN,2022-2023,506.93,2023,Import,Copper,Raw (Ore)
TURKEY,2022-2023,0.02,2023,Import,Copper,Raw (Ore)
VIETNAM SOC REP,2022-2023,168.78,2023,Import,Copper,Raw (Ore)
AUSTRALIA,2023-2024,2501.46,2024,Import,Copper,Raw (Ore)
BRAZIL,2023-2024,429.35,2024,Import,Copper,Raw (Ore)
CANADA,2023-2024,1120.67,2024,Import,Copper,Raw (Ore)
CHILE,2023-2024,5575.61,2024,Import,Copper,Raw (Ore)
COLOMBIA,2023-2024,166.32,2024,Import,Copper,Raw (Ore)
INDONESIA,2023-2024,9202.86,2024,Import,Copper,Raw (Ore)
MALAYSIA,2023-2024,427.91,2024,Import,Copper,Raw (Ore)
MOROCCO,2023-2024,0.31,2024,Import,Copper,Raw (Ore)
NAMIBIA,2023-2024,203.45,2024,Import,Copper,Raw (Ore)
PANAMA REPUBLIC,2023-2024,1113.13,2024,Import,Copper,Raw (Ore)
PAPUA N GNA,2023-2024,1678.32,2024,Import,Copper,Raw (Ore)
PERU,2023-2024,1756.3,2024,Import,Copper,Raw (Ore)
PHILIPPINES,2023-2024,1162.11,2024,Import,Copper,Raw (Ore)
SOUTH AFRICA,2023-2024,7.13,2024,Import,Copper,Raw (Ore)
TANZANIA REP,2023-2024,606.3,2024,Import,Copper,Raw (Ore)
AUSTRALIA,2024-2025,5670.26,2025,Import,Copper,Raw (Ore)
BRAZIL,2024-2025,186.93,2025,Import,Copper,Raw (Ore)
CANADA,2024-2025,1780.04,2025,Import,Copper,Raw (Ore)
CHILE,2024-2025,11557.81,2025,Import,Copper,Raw (Ore)
FRANCE,2024-2025,0.01,2025,Import,Copper,Raw (Ore)
INDONESIA,2024-2025,6095.4,2025,Import,Copper,Raw (Ore)
MOZAMBIQUE,2024-2025,0.56,2025,Import,Copper,Raw (Ore)
NAMIBIA,2024-2025,327.42,2025,Import,Copper,Raw (Ore)
PAPUA N GNA,2024-2025,629.76,2025,Import,Copper,Raw (Ore)
PERU,2024-2025,3611.96,2025,Import,Copper,Raw (Ore)
PHILIPPINES,2024-2025,0.29,2025,Import,Copper,Raw (Ore)
TANZANIA REP,2024-2025,2324.08,2025,Import,Copper,Raw (Ore)
U S A,2024-2025,373.09,2025,Import,Copper,Raw (Ore)
CHINA P RP,2017-2018,379.81,2018,Export,Copper,Raw (Ore)
KOREA RP,2017-2018,0.74,2018,Export,Copper,Raw (Ore)
CHINA P RP,2018-2019,1396.86,2019,Export,Copper,Raw (Ore)
KOREA RP,2018-2019,119.96,2019,Export,Copper,Raw (Ore)
TAIWAN,2018-2019,145.94,2019,Export,Copper,Raw (Ore)
CHINA P RP,2019-2020,1372.38,2020,Export,Copper,Raw (Ore)
KOREA RP,2019-2020,21.6,2020,Export,Copper,Raw (Ore)
MALAYSIA,2019-2020,379.23,2020,Export,Copper,Raw (Ore)
TAIWAN,2019-2020,271.4,2020,Export,Copper,Raw (Ore)
THAILAND,2019-2020,0.13,2020,Export,Copper,Raw (Ore)
VIETNAM SOC REP,2019-2020,0.35,2020,Export,Copper,Raw (Ore)
CHINA P RP,2020-2021,759.03,2021,Export,Copper,Raw (Ore)
KOREA RP,2020-2021,9.91,2021,Export,Copper,Raw (Ore)
CHINA P RP,2021-2022,99.58,2022,Export,Copper,Raw (Ore)
MALAYSIA,2021-2022,44.72,2022,Export,Copper,Raw (Ore)
PHILIPPINES,2021-2022,252.15,2022,Export,Copper,Raw (Ore)
CAMBODIA,2022-2023,0.22,2023,Export,Copper,Raw (Ore)
CHINA P RP,2022-2023,243.32,2023,Export,Copper,Raw (Ore)
CHINA P RP,2023-2024,243.03,2024,Export,Copper,Raw (Ore)
CHINA P RP,2024-2025,196.8,2025,Export,Copper,Raw (Ore)
GUATEMALA,2024-2025,0.02,2025,Export,Copper,Raw (Ore)
AUSTRIA,2017-2018,0.35,2018,Import,Graphite,Natural
BELGIUM,2017-2018,0.44,2018,Import,Graphite,Natural
BRAZIL,2017-2018,13.59,2018,Import,Graphite,Natural
CANADA,2017-2018,0.47,2018,Import,Graphite,Natural
CHINA P RP,2017-2018,110.67,2018,Import,Graphite,Natural
CZECH REPUBLIC,2017-2018,0.07,2018,Import,Graphite,Natural
DENMARK,2017-2018,0.06,2018,Import,Graphite,Natural
GERMANY,2017-2018,2.55,2018,Import,Graphite,Natural
ITALY,2017-2018,0.2,2018,Import,Graphite,Natural
JAPAN,2017-2018,0.33,2018,Import,Graphite,Natural
MADAGASCAR,2017-2018,12.07,2018,Import,Graphite,Natural
MEXICO,2017-2018,0.1,2018,Import,Graphite,Natural
NETHERLAND,2017-2018,0.17,2018,Import,Graphite,Natural
SRI LANKA DSR,2017-2018,1.08,2018,Import,Graphite,Natural
SWEDEN,2017-2018,0.07,2018,Import,Graphite,Natural
SWITZERLAND,2017-2018,0.28,2018,Import,Graphite,Natural
U K,2017-2018,0.2,2018,Import,Graphite,Natural
U S A,2017-2018,4.27,2018,Import,Graphite,Natural
UNSPECIFIED,2017-2018,0.51,2018,Import,Graphite,Natural
ZIMBABWE,2017-2018,1.3,2018,Import,Graphite,Natural
AUSTRALIA,2018-2019,0.01,2019,Import,Graphite,Natural
AUSTRIA,2018-2019,0.26,2019,Import,Graphite,Natural
BAHARAIN IS,2018-2019,0.01,2019,Import,Graphite,Natural
BELGIUM,2018-2019,0.67,2019,Import,Graphite,Natural
BRAZIL,2018-2019,10.45,2019,Import,Graphite,Natural
CANADA,2018-2019,0.3,2019,Import,Graphite,Natural
CHINA P RP,2018-2019,148.94,2019,Import,Graphite,Natural
CZECH REPUBLIC,2018-2019,0.09,2019,Import,Graphite,Natural
DENMARK,2018-2019,0.01,2019,Import,Graphite,Natural
FRANCE,2018-2019,0.2,2019,Import,Graphite,Natural
GERMANY,2018-2019,6.49,2019,Import,Graphite,Natural
HONG KONG,2018-2019,0.17,2019,Import,Graphite,Natural
ITALY,2018-2019,1.07,2019,Import,Graphite,Natural
JAPAN,2018-2019,0.87,2019,Import,Graphite,Natural
MADAGASCAR,2018-2019,34.94,2019,Import,Graphite,Natural
MOZAMBIQUE,2018-2019,18.8,2019,Import,Graphite,Natural
NAMIBIA,2018-2019,0.04,2019,Import,Graphite,Natural
NETHERLAND,2018-2019,0.15,2019,Import,Graphite,Natural
SINGAPORE,2018-2019,0.43,2019,Import,Graphite,Natural
SLOVENIA,2018-2019,0.13,2019,Import,Graphite,Natural
SRI LANKA DSR,2018-2019,1.29,2019,Import,Graphite,Natural
SWEDEN,2018-2019,0.34,2019,Import,Graphite,Natural
TANZANIA REP,2018-2019,0.08,2019,Import,Graphite,Natural
THAILAND,2018-2019,0.03,2019,Import,Graphite,Natural
U ARAB EMTS,2018-2019,0.17,2019,Import,Graphite,Natural
U K,2018-2019,1.75,2019,Import,Graphite,Natural
U S A,2018-2019,4.57,2019,Import,Graphite,Natural
ZIMBABWE,2018-2019,0.63,2019,Import,Graphite,Natural
AUSTRALIA,2019-2020,0.37,2020,Import,Graphite,Natural
AUSTRIA,2019-2020,0.59,2020,Import,Graphite,Natural
BELGIUM,2019-2020,1.17,2020,Import,Graphite,Natural
BRAZIL,2019-2020,7.79,2020,Import,Graphite,Natural
CANADA,2019-2020,0.54,2020,Import,Graphite,Natural
CHINA P RP,2019-2020,94.88,2020,Import,Graphite,Natural
CZECH REPUBLIC,2019-2020,0.01,2020,Import,Graphite,Natural
DENMARK,2019-2020,0.01,2020,Import,Graphite,Natural
FRANCE,2019-2020,0.18,2020,Import,Graphite,Natural
GERMANY,2019-2020,5.8,2020,Import,Graphite,Natural
HONG KONG,2019-2020,0.4,2020,Import,Graphite,Natural
ITALY,2019-2020,0.45,2020,Import,Graphite,Natural
JAPAN,2019-2020,0.42,2020,Import,Graphite,Natural
KOREA RP,2019-2020,0.03,2020,Import,Graphite,Natural
MADAGASCAR,2019-2020,38.14,2020,Import,Graphite,Natural
MALAYSIA,2019-2020,0.12,2020,Import,Graphite,Natural
MOZAMBIQUE,2019-2020,24.8,2020,Import,Graphite,Natural
NETHERLAND,2019-2020,0.47,2020,Import,Graphite,Natural
POLAND,2019-2020,0.02,2020,Import,Graphite,Natural
SINGAPORE,2019-2020,0.12,2020,Import,Graphite,Natural
SRI LANKA DSR,2019-2020,1.34,2020,Import,Graphite,Natural
SWEDEN,2019-2020,0.6,2020,Import,Graphite,Natural
TANZANIA REP,2019-2020,0.99,2020,Import,Graphite,Natural
TURKEY,2019-2020,0.07,2020,Import,Graphite,Natural
U ARAB EMTS,2019-2020,0.25,2020,Import,Graphite,Natural
U K,2019-2020,1.23,2020,Import,Graphite,Natural
U S A,2019-2020,3.84,2020,Import,Graphite,Natural
VIETNAM SOC REP,2019-2020,1.69,2020,Import,Graphite,Natural
AUSTRIA,2020-2021,2.18,2021,Import,Graphite,Natural
BELGIUM,2020-2021,0.36,2021,Import,Graphite,Natural
BRAZIL,2020-2021,1.2,2021,Import,Graphite,Natural
CANADA,2020-2021,0.59,2021,Import,Graphite,Natural
CHINA P RP,2020-2021,79.99,2021,Import,Graphite,Natural
DENMARK,2020-2021,0.03,2021,Import,Graphite,Natural
FRANCE,2020-2021,0.02,2021,Import,Graphite,Natural
GERMANY,2020-2021,6.19,2021,Import,Graphite,Natural
HONG KONG,2020-2021,0.43,2021,Import,Graphite,Natural
ITALY,2020-2021,1.45,2021,Import,Graphite,Natural
JAPAN,2020-2021,0.7,2021,Import,Graphite,Natural
KOREA RP,2020-2021,0.06,2021,Import,Graphite,Natural
MADAGASCAR,2020-2021,54.42,2021,Import,Graphite,Natural
MOZAMBIQUE,2020-2021,13.39,2021,Import,Graphite,Natural
NETHERLAND,2020-2021,0.05,2021,Import,Graphite,Natural
SINGAPORE,2020-2021,0.01,2021,Import,Graphite,Natural
SRI LANKA DSR,2020-2021,0.83,2021,Import,Graphite,Natural
SWEDEN,2020-2021,0.55,2021,Import,Graphite,Natural
TANZANIA REP,2020-2021,1.77,2021,Import,Graphite,Natural
TURKEY,2020-2021,0.08,2021,Import,Graphite,Natural
U K,2020-2021,0.88,2021,Import,Graphite,Natural
U S A,2020-2021,5.19,2021,Import,Graphite,Natural
UKRAINE,2020-2021,0.07,2021,Import,Graphite,Natural
VIETNAM SOC REP,2020-2021,10.36,2021,Import,Graphite,Natural
AUSTRIA,2021-2022,2.1,2022,Import,Graphite,Natural
BELGIUM,2021-2022,0.34,2022,Import,Graphite,Natural
BRAZIL,2021-2022,2.91,2022,Import,Graphite,Natural
CANADA,2021-2022,0.73,2022,Import,Graphite,Natural
CHINA P RP,2021-2022,96.24,2022,Import,Graphite,Natural
DENMARK,2021-2022,0.02,2022,Import,Graphite,Natural
GERMANY,2021-2022,6.44,2022,Import,Graphite,Natural
HONG KONG,2021-2022,0.36,2022,Import,Graphite,Natural
ITALY,2021-2022,1.27,2022,Import,Graphite,Natural
JAPAN,2021-2022,1.73,2022,Import,Graphite,Natural
KOREA RP,2021-2022,0.06,2022,Import,Graphite,Natural
MADAGASCAR,2021-2022,109.55,2022,Import,Graphite,Natural
MEXICO,2021-2022,0.16,2022,Import,Graphite,Natural
MOZAMBIQUE,2021-2022,30.16,2022,Import,Graphite,Natural
NETHERLAND,2021-2022,0.41,2022,Import,Graphite,Natural
SINGAPORE,2021-2022,0.36,2022,Import,Graphite,Natural
SRI LANKA DSR,2021-2022,1.38,2022,Import,Graphite,Natural
SWEDEN,2021-2022,1.57,2022,Import,Graphite,Natural
TANZANIA REP,2021-2022,0.83,2022,Import,Graphite,Natural
TURKEY,2021-2022,0.1,2022,Import,Graphite,Natural
U ARAB EMTS,2021-2022,0.23,2022,Import,Graphite,Natural
U K,2021-2022,2.24,2022,Import,Graphite,Natural
U S A,2021-2022,5.98,2022,Import,Graphite,Natural
VIETNAM SOC REP,2021-2022,0.01,2022,Import,Graphite,Natural
AUSTRIA,2022-2023,3.12,2023,Import,Graphite,Natural
BELGIUM,2022-2023,0.12,2023,Import,Graphite,Natural
BRAZIL,2022-2023,0.5,2023,Import,Graphite,Natural
CANADA,2022-2023,0.61,2023,Import,Graphite,Natural
CHINA P RP,2022-2023,113.19,2023,Import,Graphite,Natural
DENMARK,2022-2023,0.03,2023,Import,Graphite,Natural
GERMANY,2022-2023,6.09,2023,Import,Graphite,Natural
HONG KONG,2022-2023,0.88,2023,Import,Graphite,Natural
ITALY,2022-2023,1.54,2023,Import,Graphite,Natural
JAPAN,2022-2023,2.01,2023,Import,Graphite,Natural
KOREA RP,2022-2023,0.04,2023,Import,Graphite,Natural
MADAGASCAR,2022-2023,94.04,2023,Import,Graphite,Natural
MEXICO,2022-2023,0.27,2023,Import,Graphite,Natural
MOZAMBIQUE,2022-2023,50.31,2023,Import,Graphite,Natural
NAMIBIA,2022-2023,0.01,2023,Import,Graphite,Natural
NETHERLAND,2022-2023,0.97,2023,Import,Graphite,Natural
NORWAY,2022-2023,0.05,2023,Import,Graphite,Natural
SLOVENIA,2022-2023,2.19,2023,Import,Graphite,Natural
SPAIN,2022-2023,0.02,2023,Import,Graphite,Natural
SRI LANKA DSR,2022-2023,1.27,2023,Import,Graphite,Natural
SWEDEN,2022-2023,2.78,2023,Import,Graphite,Natural
TANZANIA REP,2022-2023,8.05,2023,Import,Graphite,Natural
U ARAB EMTS,2022-2023,0.13,2023,Import,Graphite,Natural
U K,2022-2023,1.5,2023,Import,Graphite,Natural
U S A,2022-2023,4.24,2023,Import,Graphite,Natural
AUSTRIA,2023-2024,3.63,2024,Import,Graphite,Natural
BELGIUM,2023-2024,0.4,2024,Import,Graphite,Natural
CANADA,2023-2024,0.34,2024,Import,Graphite,Natural
CHINA P RP,2023-2024,105.58,2024,Import,Graphite,Natural
GERMANY,2023-2024,2.13,2024,Import,Graphite,Natural
HONG KONG,2023-2024,0.13,2024,Import,Graphite,Natural
ITALY,2023-2024,0.2,2024,Import,Graphite,Natural
JAPAN,2023-2024,4.36,2024,Import,Graphite,Natural
KOREA RP,2023-2024,0.03,2024,Import,Graphite,Natural
MADAGASCAR,2023-2024,142.79,2024,Import,Graphite,Natural
MALAYSIA,2023-2024,0.28,2024,Import,Graphite,Natural
MEXICO,2023-2024,0.55,2024,Import,Graphite,Natural
MOZAMBIQUE,2023-2024,36.05,2024,Import,Graphite,Natural
NETHERLAND,2023-2024,0.89,2024,Import,Graphite,Natural
SINGAPORE,2023-2024,0.35,2024,Import,Graphite,Natural
SLOVENIA,2023-2024,1.65,2024,Import,Graphite,Natural
SRI LANKA DSR,2023-2024,1.31,2024,Import,Graphite,Natural
SWEDEN,2023-2024,2.81,2024,Import,Graphite,Natural
SWITZERLAND,2023-2024,0.01,2024,Import,Graphite,Natural
TANZANIA REP,2023-2024,3.11,2024,Import,Graphite,Natural
THAILAND,2023-2024,0.02,2024,Import,Graphite,Natural
U ARAB EMTS,2023-2024,2.89,2024,Import,Graphite,Natural
U K,2023-2024,1.83,2024,Import,Graphite,Natural
U S A,2023-2024,5.34,2024,Import,Graphite,Natural
UKRAINE,2023-2024,0.02,2024,Import,Graphite,Natural
VIETNAM SOC REP,2023-2024,3.6,2024,Import,Graphite,Natural
AUSTRIA,2024-2025,4.07,2025,Import,Graphite,Natural
BELGIUM,2024-2025,1.86,2025,Import,Graphite,Natural
CANADA,2024-2025,7.22,2025,Import,Graphite,Natural
CHINA P RP,2024-2025,36.25,2025,Import,Graphite,Natural
GERMANY,2024-2025,17.61,2025,Import,Graphite,Natural
HONG KONG,2024-2025,0.24,2025,Import,Graphite,Natural
INDONESIA,2024-2025,0.12,2025,Import,Graphite,Natural
ITALY,2024-2025,0.44,2025,Import,Graphite,Natural
JAPAN,2024-2025,5.12,2025,Import,Graphite,Natural
KOREA RP,2024-2025,8.85,2025,Import,Graphite,Natural
MADAGASCAR,2024-2025,131.4,2025,Import,Graphite,Natural
MALAYSIA,2024-2025,7.88,2025,Import,Graphite,Natural
MEXICO,2024-2025,2.78,2025,Import,Graphite,Natural
MOZAMBIQUE,2024-2025,64.19,2025,Import,Graphite,Natural
NETHERLAND,2024-2025,0.27,2025,Import,Graphite,Natural
SLOVENIA,2024-2025,0.63,2025,Import,Graphite,Natural
SPAIN,2024-2025,0.06,2025,Import,Graphite,Natural
SRI LANKA DSR,2024-2025,1.63,2025,Import,Graphite,Natural
SWEDEN,2024-2025,3.98,2025,Import,Graphite,Natural
SWITZERLAND,2024-2025,0.01,2025,Import,Graphite,Natural
TAIWAN,2024-2025,0.7,2025,Import,Graphite,Natural
TANZANIA REP,2024-2025,43.84,2025,Import,Graphite,Natural
U ARAB EMTS,2024-2025,2.26,2025,Import,Graphite,Natural
U K,2024-2025,2.31,2025,Import,Graphite,Natural
U S A,2024-2025,11.21,2025,Import,Graphite,Natural
VIETNAM SOC REP,2024-2025,0.71,2025,Import,Graphite,Natural
ANGOLA,2017-2018,0.04,2018,Export,Graphite,Natural
AUSTRALIA,2017-2018,0.01,2018,Export,Graphite,Natural
BANGLADESH PR,2017-2018,0.94,2018,Export,Graphite,Natural
BHUTAN,2017-2018,0.03,2018,Export,Graphite,Natural
CANADA,2017-2018,0.24,2018,Export,Graphite,Natural
COTE D' IVOIRE,2017-2018,0.03,2018,Export,Graphite,Natural
DJIBOUTI,2017-2018,0.02,2018,Export,Graphite,Natural
ETHIOPIA,2017-2018,0.01,2018,Export,Graphite,Natural
GERMANY,2017-2018,0.21,2018,Export,Graphite,Natural
GUATEMALA,2017-2018,0.01,2018,Export,Graphite,Natural
INDONESIA,2017-2018,0.1,2018,Export,Graphite,Natural
IRAN,2017-2018,0.07,2018,Export,Graphite,Natural
KENYA,2017-2018,0.04,2018,Export,Graphite,Natural
KUWAIT,2017-2018,0.3,2018,Export,Graphite,Natural
MOZAMBIQUE,2017-2018,0.07,2018,Export,Graphite,Natural
NEPAL,2017-2018,0.06,2018,Export,Graphite,Natural
NIGERIA,2017-2018,0.06,2018,Export,Graphite,Natural
PAKISTAN IR,2017-2018,0.01,2018,Export,Graphite,Natural
POLAND,2017-2018,0.01,2018,Export,Graphite,Natural
QATAR,2017-2018,0.33,2018,Export,Graphite,Natural
SAUDI ARAB,2017-2018,0.11,2018,Export,Graphite,Natural
SOUTH AFRICA,2017-2018,0.03,2018,Export,Graphite,Natural
SPAIN,2017-2018,0.01,2018,Export,Graphite,Natural
SRI LANKA DSR,2017-2018,0.09,2018,Export,Graphite,Natural
SUDAN,2017-2018,0.16,2018,Export,Graphite,Natural
TAIWAN,2017-2018,0.01,2018,Export,Graphite,Natural
TANZANIA REP,2017-2018,0.53,2018,Export,Graphite,Natural
TURKMENISTAN,2017-2018,0.08,2018,Export,Graphite,Natural
U ARAB EMTS,2017-2018,4.06,2018,Export,Graphite,Natural
UGANDA,2017-2018,0.07,2018,Export,Graphite,Natural
ANGOLA,2018-2019,0.03,2019,Export,Graphite,Natural
BAHARAIN IS,2018-2019,0.02,2019,Export,Graphite,Natural
BANGLADESH PR,2018-2019,0.21,2019,Export,Graphite,Natural
BHUTAN,2018-2019,0.01,2019,Export,Graphite,Natural
CAMEROON,2018-2019,0.02,2019,Export,Graphite,Natural
DJIBOUTI,2018-2019,0.01,2019,Export,Graphite,Natural
EGYPT A RP,2018-2019,0.09,2019,Export,Graphite,Natural
ETHIOPIA,2018-2019,0.07,2019,Export,Graphite,Natural
GABON,2018-2019,0.02,2019,Export,Graphite,Natural
GERMANY,2018-2019,0.15,2019,Export,Graphite,Natural
INDONESIA,2018-2019,0.08,2019,Export,Graphite,Natural
IRAQ,2018-2019,0.08,2019,Export,Graphite,Natural
KENYA,2018-2019,0.03,2019,Export,Graphite,Natural
KUWAIT,2018-2019,0.03,2019,Export,Graphite,Natural
MALAYSIA,2018-2019,0.12,2019,Export,Graphite,Natural
MAURITIUS,2018-2019,0.14,2019,Export,Graphite,Natural
NEPAL,2018-2019,0.08,2019,Export,Graphite,Natural
OMAN,2018-2019,0.02,2019,Export,Graphite,Natural
PAKISTAN IR,2018-2019,0.02,2019,Export,Graphite,Natural
SAUDI ARAB,2018-2019,0.02,2019,Export,Graphite,Natural
SRI LANKA DSR,2018-2019,0.11,2019,Export,Graphite,Natural
SUDAN,2018-2019,0.05,2019,Export,Graphite,Natural
TANZANIA REP,2018-2019,0.84,2019,Export,Graphite,Natural
U S A,2018-2019,0.02,2019,Export,Graphite,Natural
UGANDA,2018-2019,0.01,2019,Export,Graphite,Natural
BANGLADESH PR,2019-2020,0.18,2020,Export,Graphite,Natural
BHUTAN,2019-2020,0.01,2020,Export,Graphite,Natural
BULGARIA,2019-2020,0.15,2020,Export,Graphite,Natural
CHINA P RP,2019-2020,0.1,2020,Export,Graphite,Natural
GABON,2019-2020,0.03,2020,Export,Graphite,Natural
GERMANY,2019-2020,0.06,2020,Export,Graphite,Natural
INDONESIA,2019-2020,0.07,2020,Export,Graphite,Natural
IRAQ,2019-2020,0.08,2020,Export,Graphite,Natural
KAZAKHSTAN,2019-2020,0.01,2020,Export,Graphite,Natural
MALAYSIA,2019-2020,1.11,2020,Export,Graphite,Natural
MALI,2019-2020,0.02,2020,Export,Graphite,Natural
MAURITANIA,2019-2020,0.08,2020,Export,Graphite,Natural
MAURITIUS,2019-2020,0.02,2020,Export,Graphite,Natural
NEPAL,2019-2020,0.02,2020,Export,Graphite,Natural
NIGERIA,2019-2020,0.02,2020,Export,Graphite,Natural
QATAR,2019-2020,0.03,2020,Export,Graphite,Natural
RWANDA,2019-2020,0.01,2020,Export,Graphite,Natural
SRI LANKA DSR,2019-2020,0.04,2020,Export,Graphite,Natural
SUDAN,2019-2020,0.37,2020,Export,Graphite,Natural
TANZANIA REP,2019-2020,0.67,2020,Export,Graphite,Natural
U ARAB EMTS,2019-2020,0.12,2020,Export,Graphite,Natural
U S A,2019-2020,0.01,2020,Export,Graphite,Natural
UGANDA,2019-2020,0.03,2020,Export,Graphite,Natural
AFGHANISTAN,2020-2021,0.04,2021,Export,Graphite,Natural
ANGOLA,2020-2021,0.01,2021,Export,Graphite,Natural
BAHARAIN IS,2020-2021,0.15,2021,Export,Graphite,Natural
BANGLADESH PR,2020-2021,0.24,2021,Export,Graphite,Natural
BHUTAN,2020-2021,0.01,2021,Export,Graphite,Natural
CHINA P RP,2020-2021,0.1,2021,Export,Graphite,Natural
EGYPT A RP,2020-2021,0.06,2021,Export,Graphite,Natural
FRANCE,2020-2021,0.13,2021,Export,Graphite,Natural
GABON,2020-2021,0.05,2021,Export,Graphite,Natural
GUATEMALA,2020-2021,0.02,2021,Export,Graphite,Natural
INDONESIA,2020-2021,0.01,2021,Export,Graphite,Natural
IRAN,2020-2021,0.02,2021,Export,Graphite,Natural
KENYA,2020-2021,0.1,2021,Export,Graphite,Natural
MALAYSIA,2020-2021,0.45,2021,Export,Graphite,Natural
MAURITANIA,2020-2021,0.06,2021,Export,Graphite,Natural
MAURITIUS,2020-2021,0.01,2021,Export,Graphite,Natural
MEXICO,2020-2021,0.02,2021,Export,Graphite,Natural
MOZAMBIQUE,2020-2021,0.01,2021,Export,Graphite,Natural
NEPAL,2020-2021,0.8,2021,Export,Graphite,Natural
QATAR,2020-2021,0.04,2021,Export,Graphite,Natural
SENEGAL,2020-2021,0.01,2021,Export,Graphite,Natural
SRI LANKA DSR,2020-2021,0.12,2021,Export,Graphite,Natural
SUDAN,2020-2021,0.39,2021,Export,Graphite,Natural
TANZANIA REP,2020-2021,0.87,2021,Export,Graphite,Natural
U ARAB EMTS,2020-2021,0.44,2021,Export,Graphite,Natural
U K,2020-2021,0.01,2021,Export,Graphite,Natural
U S A,2020-2021,0.06,2021,Export,Graphite,Natural
ZAMBIA,2020-2021,0.05,2021,Export,Graphite,Natural
ANGOLA,2021-2022,0.04,2022,Export,Graphite,Natural
BAHARAIN IS,2021-2022,0.07,2022,Export,Graphite,Natural
BANGLADESH PR,2021-2022,0.14,2022,Export,Graphite,Natural
BELGIUM,2021-2022,0.07,2022,Export,Graphite,Natural
CAMEROON,2021-2022,0.01,2022,Export,Graphite,Natural
CHINA P RP,2021-2022,0.34,2022,Export,Graphite,Natural
CONGO D. REP.,2021-2022,0.06,2022,Export,Graphite,Natural
EGYPT A RP,2021-2022,0.1,2022,Export,Graphite,Natural
FRANCE,2021-2022,0.07,2022,Export,Graphite,Natural
GEORGIA,2021-2022,0.03,2022,Export,Graphite,Natural
GERMANY,2021-2022,0.04,2022,Export,Graphite,Natural
INDONESIA,2021-2022,0.04,2022,Export,Graphite,Natural
JAPAN,2021-2022,0.06,2022,Export,Graphite,Natural
KENYA,2021-2022,0.17,2022,Export,Graphite,Natural
KUWAIT,2021-2022,0.07,2022,Export,Graphite,Natural
LEBANON,2021-2022,0.01,2022,Export,Graphite,Natural
MALAYSIA,2021-2022,0.55,2022,Export,Graphite,Natural
MAURITANIA,2021-2022,0.18,2022,Export,Graphite,Natural
MAURITIUS,2021-2022,0.11,2022,Export,Graphite,Natural
MEXICO,2021-2022,0.07,2022,Export,Graphite,Natural
MOZAMBIQUE,2021-2022,0.01,2022,Export,Graphite,Natural
NEPAL,2021-2022,0.05,2022,Export,Graphite,Natural
NIGERIA,2021-2022,0.06,2022,Export,Graphite,Natural
OMAN,2021-2022,0.01,2022,Export,Graphite,Natural
QATAR,2021-2022,0.01,2022,Export,Graphite,Natural
SAUDI ARAB,2021-2022,0.15,2022,Export,Graphite,Natural
SOUTH AFRICA,2021-2022,0.02,2022,Export,Graphite,Natural
SRI LANKA DSR,2021-2022,0.1,2022,Export,Graphite,Natural
TANZANIA REP,2021-2022,1.57,2022,Export,Graphite,Natural
TURKEY,2021-2022,0.01,2022,Export,Graphite,Natural
U ARAB EMTS,2021-2022,0.23,2022,Export,Graphite,Natural
U S A,2021-2022,0.23,2022,Export,Graphite,Natural
UGANDA,2021-2022,0.03,2022,Export,Graphite,Natural
AFGHANISTAN,2022-2023,0.01,2023,Export,Graphite,Natural
ANGOLA,2022-2023,0.01,2023,Export,Graphite,Natural
AUSTRALIA,2022-2023,0.01,2023,Export,Graphite,Natural
BAHARAIN IS,2022-2023,0.19,2023,Export,Graphite,Natural
BANGLADESH PR,2022-2023,0.05,2023,Export,Graphite,Natural
CHINA P RP,2022-2023,0.26,2023,Export,Graphite,Natural
EGYPT A RP,2022-2023,0.06,2023,Export,Graphite,Natural
GUATEMALA,2022-2023,0.02,2023,Export,Graphite,Natural
INDONESIA,2022-2023,0.08,2023,Export,Graphite,Natural
IRAN,2022-2023,0.12,2023,Export,Graphite,Natural
JAPAN,2022-2023,0.01,2023,Export,Graphite,Natural
JORDAN,2022-2023,0.04,2023,Export,Graphite,Natural
KENYA,2022-2023,0.28,2023,Export,Graphite,Natural
KOREA RP,2022-2023,0.01,2023,Export,Graphite,Natural
KUWAIT,2022-2023,0.02,2023,Export,Graphite,Natural
MALAYSIA,2022-2023,2.5,2023,Export,Graphite,Natural
MAURITANIA,2022-2023,0.07,2023,Export,Graphite,Natural
MEXICO,2022-2023,0.13,2023,Export,Graphite,Natural
MOROCCO,2022-2023,0.02,2023,Export,Graphite,Natural
NEPAL,2022-2023,0.05,2023,Export,Graphite,Natural
NIGERIA,2022-2023,3.35,2023,Export,Graphite,Natural
OMAN,2022-2023,0.03,2023,Export,Graphite,Natural
POLAND,2022-2023,0.01,2023,Export,Graphite,Natural
SAUDI ARAB,2022-2023,0.1,2023,Export,Graphite,Natural
SOUTH AFRICA,2022-2023,0.02,2023,Export,Graphite,Natural
SRI LANKA DSR,2022-2023,0.15,2023,Export,Graphite,Natural
SUDAN,2022-2023,0.07,2023,Export,Graphite,Natural
TANZANIA REP,2022-2023,0.42,2023,Export,Graphite,Natural
TURKEY,2022-2023,1.36,2023,Export,Graphite,Natural
U ARAB EMTS,2022-2023,2.04,2023,Export,Graphite,Natural
U K,2022-2023,0.02,2023,Export,Graphite,Natural
U S A,2022-2023,0.12,2023,Export,Graphite,Natural
UGANDA,2022-2023,0.36,2023,Export,Graphite,Natural
ANGOLA,2023-2024,0.01,2024,Export,Graphite,Natural
BAHARAIN IS,2023-2024,0.1,2024,Export,Graphite,Natural
BANGLADESH PR,2023-2024,0.2,2024,Export,Graphite,Natural
BRAZIL,2023-2024,0.03,2024,Export,Graphite,Natural
CANADA,2023-2024,0.01,2024,Export,Graphite,Natural
EGYPT A RP,2023-2024,0.04,2024,Export,Graphite,Natural
GABON,2023-2024,0.01,2024,Export,Graphite,Natural
GERMANY,2023-2024,0.5,2024,Export,Graphite,Natural
GHANA,2023-2024,0.13,2024,Export,Graphite,Natural
INDONESIA,2023-2024,0.06,2024,Export,Graphite,Natural
IRAN,2023-2024,0.05,2024,Export,Graphite,Natural
IRAQ,2023-2024,0.1,2024,Export,Graphite,Natural
JAPAN,2023-2024,0.15,2024,Export,Graphite,Natural
JORDAN,2023-2024,0.02,2024,Export,Graphite,Natural
KENYA,2023-2024,0.06,2024,Export,Graphite,Natural
LEBANON,2023-2024,0.02,2024,Export,Graphite,Natural
MALAYSIA,2023-2024,0.19,2024,Export,Graphite,Natural
MEXICO,2023-2024,0.16,2024,Export,Graphite,Natural
NEPAL,2023-2024,0.06,2024,Export,Graphite,Natural
NIGERIA,2023-2024,0.29,2024,Export,Graphite,Natural
PHILIPPINES,2023-2024,0.02,2024,Export,Graphite,Natural
QATAR,2023-2024,0.01,2024,Export,Graphite,Natural
RUSSIA,2023-2024,0.16,2024,Export,Graphite,Natural
SAUDI ARAB,2023-2024,0.26,2024,Export,Graphite,Natural
SOMALIA,2023-2024,0.01,2024,Export,Graphite,Natural
SOUTH AFRICA,2023-2024,0.3,2024,Export,Graphite,Natural
SRI LANKA DSR,2023-2024,0.07,2024,Export,Graphite,Natural
TANZANIA REP,2023-2024,0.33,2024,Export,Graphite,Natural
TURKEY,2023-2024,0.68,2024,Export,Graphite,Natural
U ARAB EMTS,2023-2024,2.19,2024,Export,Graphite,Natural
U S A,2023-2024,0.1,2024,Export,Graphite,Natural
ALGERIA,2024-2025,0.21,2025,Export,Graphite,Natural
ANGOLA,2024-2025,0.1,2025,Export,Graphite,Natural
BAHARAIN IS,2024-2025,0.15,2025,Export,Graphite,Natural
BANGLADESH PR,2024-2025,0.03,2025,Export,Graphite,Natural
BELGIUM,2024-2025,0.02,2025,Export,Graphite,Natural
BHUTAN,2024-2025,0.93,2025,Export,Graphite,Natural
BRAZIL,2024-2025,0.04,2025,Export,Graphite,Natural
CAPE VERDE IS,2024-2025,0.01,2025,Export,Graphite,Natural
CHINA P RP,2024-2025,0.13,2025,Export,Graphite,Natural
EGYPT A RP,2024-2025,0.08,2025,Export,Graphite,Natural
GAMBIA,2024-2025,0.08,2025,Export,Graphite,Natural
GUATEMALA,2024-2025,0.02,2025,Export,Graphite,Natural
INDONESIA,2024-2025,0.28,2025,Export,Graphite,Natural
IRAN,2024-2025,0.04,2025,Export,Graphite,Natural
JAPAN,2024-2025,0.35,2025,Export,Graphite,Natural
KENYA,2024-2025,0.08,2025,Export,Graphite,Natural
KUWAIT,2024-2025,0.03,2025,Export,Graphite,Natural
LEBANON,2024-2025,0.02,2025,Export,Graphite,Natural
LIBERIA,2024-2025,0.01,2025,Export,Graphite,Natural
MALAYSIA,2024-2025,0.31,2025,Export,Graphite,Natural
MEXICO,2024-2025,0.11,2025,Export,Graphite,Natural
MOROCCO,2024-2025,0.02,2025,Export,Graphite,Natural
MOZAMBIQUE,2024-2025,0.01,2025,Export,Graphite,Natural
NEPAL,2024-2025,0.03,2025,Export,Graphite,Natural
NIGERIA,2024-2025,0.27,2025,Export,Graphite,Natural
OMAN,2024-2025,0.11,2025,Export,Graphite,Natural
PHILIPPINES,2024-2025,0.02,2025,Export,Graphite,Natural
QATAR,2024-2025,0.04,2025,Export,Graphite,Natural
RUSSIA,2024-2025,1.89,2025,Export,Graphite,Natural
SAUDI ARAB,2024-2025,0.77,2025,Export,Graphite,Natural
SOMALIA,2024-2025,0.01,2025,Export,Graphite,Natural
SOUTH AFRICA,2024-2025,0.05,2025,Export,Graphite,Natural
SRI LANKA DSR,2024-2025,0.03,2025,Export,Graphite,Natural
TANZANIA REP,2024-2025,0.53,2025,Export,Graphite,Natural
THAILAND,2024-2025,0.47,2025,Export,Graphite,Natural
U ARAB EMTS,2024-2025,8.73,2025,Export,Graphite,Natural
UGANDA,2024-2025,0.04,2025,Export,Graphite,Natural
AUSTRALIA,2017-2018,10.3,2018,Import,Lithium,Raw (Ore)
AUSTRIA,2017-2018,0.11,2018,Import,Lithium,Raw (Ore)
BELGIUM,2017-2018,0.07,2018,Import,Lithium,Raw (Ore)
BRAZIL,2017-2018,0.45,2018,Import,Lithium,Raw (Ore)
CHINA P RP,2017-2018,17.2,2018,Import,Lithium,Raw (Ore)
EGYPT A RP,2017-2018,4.23,2018,Import,Lithium,Raw (Ore)
FRANCE,2017-2018,0.03,2018,Import,Lithium,Raw (Ore)
GERMANY,2017-2018,4.81,2018,Import,Lithium,Raw (Ore)
GREECE,2017-2018,2.1,2018,Import,Lithium,Raw (Ore)
HUNGARY,2017-2018,0.06,2018,Import,Lithium,Raw (Ore)
INDONESIA,2017-2018,0.03,2018,Import,Lithium,Raw (Ore)
ITALY,2017-2018,0.07,2018,Import,Lithium,Raw (Ore)
JAPAN,2017-2018,0.58,2018,Import,Lithium,Raw (Ore)
KOREA RP,2017-2018,1.62,2018,Import,Lithium,Raw (Ore)
MALAYSIA,2017-2018,5.89,2018,Import,Lithium,Raw (Ore)
MEXICO,2017-2018,0.47,2018,Import,Lithium,Raw (Ore)
MOROCCO,2017-2018,0.32,2018,Import,Lithium,Raw (Ore)
NETHERLAND,2017-2018,0.48,2018,Import,Lithium,Raw (Ore)
NEW ZEALAND,2017-2018,0.28,2018,Import,Lithium,Raw (Ore)
NORWAY,2017-2018,32.29,2018,Import,Lithium,Raw (Ore)
PAKISTAN IR,2017-2018,0.01,2018,Import,Lithium,Raw (Ore)
SLOVENIA,2017-2018,0.14,2018,Import,Lithium,Raw (Ore)
SOUTH AFRICA,2017-2018,0.3,2018,Import,Lithium,Raw (Ore)
SPAIN,2017-2018,5.3,2018,Import,Lithium,Raw (Ore)
TAIWAN,2017-2018,0.89,2018,Import,Lithium,Raw (Ore)
THAILAND,2017-2018,0.01,2018,Import,Lithium,Raw (Ore)
TURKEY,2017-2018,38.9,2018,Import,Lithium,Raw (Ore)
U ARAB EMTS,2017-2018,70.68,2018,Import,Lithium,Raw (Ore)
U K,2017-2018,0.59,2018,Import,Lithium,Raw (Ore)
U S A,2017-2018,2.01,2018,Import,Lithium,Raw (Ore)
UNSPECIFIED,2017-2018,0.01,2018,Import,Lithium,Raw (Ore)
VIETNAM SOC REP,2017-2018,29.45,2018,Import,Lithium,Raw (Ore)
ZIMBABWE,2017-2018,0.17,2018,Import,Lithium,Raw (Ore)
AUSTRALIA,2018-2019,12.06,2019,Import,Lithium,Raw (Ore)
BELGIUM,2018-2019,1.89,2019,Import,Lithium,Raw (Ore)
BRAZIL,2018-2019,1.23,2019,Import,Lithium,Raw (Ore)
CANADA,2018-2019,0.73,2019,Import,Lithium,Raw (Ore)
CHINA P RP,2018-2019,38.7,2019,Import,Lithium,Raw (Ore)
CZECH REPUBLIC,2018-2019,0.03,2019,Import,Lithium,Raw (Ore)
EGYPT A RP,2018-2019,1.67,2019,Import,Lithium,Raw (Ore)
FRANCE,2018-2019,1.09,2019,Import,Lithium,Raw (Ore)
GERMANY,2018-2019,1.95,2019,Import,Lithium,Raw (Ore)
GREECE,2018-2019,1.44,2019,Import,Lithium,Raw (Ore)
HONG KONG,2018-2019,0.09,2019,Import,Lithium,Raw (Ore)
INDONESIA,2018-2019,4.05,2019,Import,Lithium,Raw (Ore)
ITALY,2018-2019,0.08,2019,Import,Lithium,Raw (Ore)
JAPAN,2018-2019,0.83,2019,Import,Lithium,Raw (Ore)
KENYA,2018-2019,1.41,2019,Import,Lithium,Raw (Ore)
LITHUANIA,2018-2019,0.25,2019,Import,Lithium,Raw (Ore)
MALAYSIA,2018-2019,18.67,2019,Import,Lithium,Raw (Ore)
MEXICO,2018-2019,0.61,2019,Import,Lithium,Raw (Ore)
MOROCCO,2018-2019,0.14,2019,Import,Lithium,Raw (Ore)
MOZAMBIQUE,2018-2019,0.5,2019,Import,Lithium,Raw (Ore)
NETHERLAND,2018-2019,1.16,2019,Import,Lithium,Raw (Ore)
NEW ZEALAND,2018-2019,0.28,2019,Import,Lithium,Raw (Ore)
NORWAY,2018-2019,53.47,2019,Import,Lithium,Raw (Ore)
OMAN,2018-2019,0.25,2019,Import,Lithium,Raw (Ore)
SAUDI ARAB,2018-2019,0.26,2019,Import,Lithium,Raw (Ore)
SEYCHELLES,2018-2019,0.04,2019,Import,Lithium,Raw (Ore)
SINGAPORE,2018-2019,0.88,2019,Import,Lithium,Raw (Ore)
SOUTH AFRICA,2018-2019,11.53,2019,Import,Lithium,Raw (Ore)
SPAIN,2018-2019,3.2,2019,Import,Lithium,Raw (Ore)
SWITZERLAND,2018-2019,0.05,2019,Import,Lithium,Raw (Ore)
THAILAND,2018-2019,0.18,2019,Import,Lithium,Raw (Ore)
TURKEY,2018-2019,48.64,2019,Import,Lithium,Raw (Ore)
U ARAB EMTS,2018-2019,78.95,2019,Import,Lithium,Raw (Ore)
U K,2018-2019,1.93,2019,Import,Lithium,Raw (Ore)
U S A,2018-2019,1.65,2019,Import,Lithium,Raw (Ore)
VIETNAM SOC REP,2018-2019,31.34,2019,Import,Lithium,Raw (Ore)
ZIMBABWE,2018-2019,0.09,2019,Import,Lithium,Raw (Ore)
AUSTRALIA,2019-2020,0.72,2020,Import,Lithium,Raw (Ore)
BELGIUM,2019-2020,0.52,2020,Import,Lithium,Raw (Ore)
BRAZIL,2019-2020,0.57,2020,Import,Lithium,Raw (Ore)
CANADA,2019-2020,1.98,2020,Import,Lithium,Raw (Ore)
CHINA P RP,2019-2020,34.83,2020,Import,Lithium,Raw (Ore)
DENMARK,2019-2020,0.02,2020,Import,Lithium,Raw (Ore)
EGYPT A RP,2019-2020,2.07,2020,Import,Lithium,Raw (Ore)
FINLAND,2019-2020,0.21,2020,Import,Lithium,Raw (Ore)
FRANCE,2019-2020,0.45,2020,Import,Lithium,Raw (Ore)
GERMANY,2019-2020,1.39,2020,Import,Lithium,Raw (Ore)
GREECE,2019-2020,2.07,2020,Import,Lithium,Raw (Ore)
HONG KONG,2019-2020,0.04,2020,Import,Lithium,Raw (Ore)
INDONESIA,2019-2020,14.17,2020,Import,Lithium,Raw (Ore)
IRAN,2019-2020,0.01,2020,Import,Lithium,Raw (Ore)
ITALY,2019-2020,1.71,2020,Import,Lithium,Raw (Ore)
JAPAN,2019-2020,0.44,2020,Import,Lithium,Raw (Ore)
KENYA,2019-2020,1.39,2020,Import,Lithium,Raw (Ore)
KOREA RP,2019-2020,0.02,2020,Import,Lithium,Raw (Ore)
LITHUANIA,2019-2020,0.68,2020,Import,Lithium,Raw (Ore)
MADAGASCAR,2019-2020,0.51,2020,Import,Lithium,Raw (Ore)
MALAYSIA,2019-2020,54.81,2020,Import,Lithium,Raw (Ore)
MEXICO,2019-2020,0.36,2020,Import,Lithium,Raw (Ore)
MOROCCO,2019-2020,0.44,2020,Import,Lithium,Raw (Ore)
NETHERLAND,2019-2020,0.85,2020,Import,Lithium,Raw (Ore)
NEW ZEALAND,2019-2020,0.58,2020,Import,Lithium,Raw (Ore)
NORWAY,2019-2020,57.26,2020,Import,Lithium,Raw (Ore)
OMAN,2019-2020,0.03,2020,Import,Lithium,Raw (Ore)
SINGAPORE,2019-2020,1.74,2020,Import,Lithium,Raw (Ore)
SOUTH AFRICA,2019-2020,7.0,2020,Import,Lithium,Raw (Ore)
SPAIN,2019-2020,0.43,2020,Import,Lithium,Raw (Ore)
THAILAND,2019-2020,0.02,2020,Import,Lithium,Raw (Ore)
TURKEY,2019-2020,72.66,2020,Import,Lithium,Raw (Ore)
U ARAB EMTS,2019-2020,49.72,2020,Import,Lithium,Raw (Ore)
U K,2019-2020,2.38,2020,Import,Lithium,Raw (Ore)
U S A,2019-2020,1.24,2020,Import,Lithium,Raw (Ore)
VIETNAM SOC REP,2019-2020,26.84,2020,Import,Lithium,Raw (Ore)
ZIMBABWE,2019-2020,0.09,2020,Import,Lithium,Raw (Ore)
AUSTRALIA,2020-2021,0.35,2021,Import,Lithium,Raw (Ore)
AUSTRIA,2020-2021,0.08,2021,Import,Lithium,Raw (Ore)
BELGIUM,2020-2021,1.31,2021,Import,Lithium,Raw (Ore)
BRAZIL,2020-2021,0.45,2021,Import,Lithium,Raw (Ore)
CANADA,2020-2021,0.29,2021,Import,Lithium,Raw (Ore)
CHINA P RP,2020-2021,46.74,2021,Import,Lithium,Raw (Ore)
CZECH REPUBLIC,2020-2021,0.01,2021,Import,Lithium,Raw (Ore)
DENMARK,2020-2021,0.11,2021,Import,Lithium,Raw (Ore)
EGYPT A RP,2020-2021,6.13,2021,Import,Lithium,Raw (Ore)
FRANCE,2020-2021,0.86,2021,Import,Lithium,Raw (Ore)
GERMANY,2020-2021,1.76,2021,Import,Lithium,Raw (Ore)
GREECE,2020-2021,3.8,2021,Import,Lithium,Raw (Ore)
HONG KONG,2020-2021,0.57,2021,Import,Lithium,Raw (Ore)
INDONESIA,2020-2021,16.82,2021,Import,Lithium,Raw (Ore)
IRAN,2020-2021,0.04,2021,Import,Lithium,Raw (Ore)
ITALY,2020-2021,0.05,2021,Import,Lithium,Raw (Ore)
JAPAN,2020-2021,0.83,2021,Import,Lithium,Raw (Ore)
JORDAN,2020-2021,1.46,2021,Import,Lithium,Raw (Ore)
KENYA,2020-2021,5.45,2021,Import,Lithium,Raw (Ore)
LITHUANIA,2020-2021,0.36,2021,Import,Lithium,Raw (Ore)
MADAGASCAR,2020-2021,0.3,2021,Import,Lithium,Raw (Ore)
MALAYSIA,2020-2021,8.7,2021,Import,Lithium,Raw (Ore)
MEXICO,2020-2021,0.59,2021,Import,Lithium,Raw (Ore)
MOROCCO,2020-2021,0.28,2021,Import,Lithium,Raw (Ore)
MOZAMBIQUE,2020-2021,0.42,2021,Import,Lithium,Raw (Ore)
NETHERLAND,2020-2021,1.37,2021,Import,Lithium,Raw (Ore)
NEW ZEALAND,2020-2021,0.29,2021,Import,Lithium,Raw (Ore)
NORWAY,2020-2021,34.62,2021,Import,Lithium,Raw (Ore)
PHILIPPINES,2020-2021,0.03,2021,Import,Lithium,Raw (Ore)
SINGAPORE,2020-2021,0.12,2021,Import,Lithium,Raw (Ore)
SOUTH AFRICA,2020-2021,1.37,2021,Import,Lithium,Raw (Ore)
SPAIN,2020-2021,0.4,2021,Import,Lithium,Raw (Ore)
SRI LANKA DSR,2020-2021,0.07,2021,Import,Lithium,Raw (Ore)
TURKEY,2020-2021,61.9,2021,Import,Lithium,Raw (Ore)
U ARAB EMTS,2020-2021,53.54,2021,Import,Lithium,Raw (Ore)
U K,2020-2021,2.4,2021,Import,Lithium,Raw (Ore)
U S A,2020-2021,1.48,2021,Import,Lithium,Raw (Ore)
VIETNAM SOC REP,2020-2021,27.92,2021,Import,Lithium,Raw (Ore)
ZIMBABWE,2020-2021,0.05,2021,Import,Lithium,Raw (Ore)
AUSTRALIA,2021-2022,131.78,2022,Import,Lithium,Raw (Ore)
AUSTRIA,2021-2022,0.3,2022,Import,Lithium,Raw (Ore)
BELGIUM,2021-2022,3.38,2022,Import,Lithium,Raw (Ore)
BRAZIL,2021-2022,1.35,2022,Import,Lithium,Raw (Ore)
CANADA,2021-2022,0.51,2022,Import,Lithium,Raw (Ore)
CHINA P RP,2021-2022,82.71,2022,Import,Lithium,Raw (Ore)
CROATIA,2021-2022,0.19,2022,Import,Lithium,Raw (Ore)
CZECH REPUBLIC,2021-2022,0.04,2022,Import,Lithium,Raw (Ore)
DENMARK,2021-2022,0.06,2022,Import,Lithium,Raw (Ore)
DOMINIC REP,2021-2022,0.37,2022,Import,Lithium,Raw (Ore)
EGYPT A RP,2021-2022,4.55,2022,Import,Lithium,Raw (Ore)
FRANCE,2021-2022,1.27,2022,Import,Lithium,Raw (Ore)
GERMANY,2021-2022,2.38,2022,Import,Lithium,Raw (Ore)
GREECE,2021-2022,3.81,2022,Import,Lithium,Raw (Ore)
INDONESIA,2021-2022,0.13,2022,Import,Lithium,Raw (Ore)
IRAN,2021-2022,0.02,2022,Import,Lithium,Raw (Ore)
JAPAN,2021-2022,1.01,2022,Import,Lithium,Raw (Ore)
KENYA,2021-2022,2.16,2022,Import,Lithium,Raw (Ore)
KOREA RP,2021-2022,0.01,2022,Import,Lithium,Raw (Ore)
LATVIA,2021-2022,0.39,2022,Import,Lithium,Raw (Ore)
LITHUANIA,2021-2022,0.47,2022,Import,Lithium,Raw (Ore)
MADAGASCAR,2021-2022,0.52,2022,Import,Lithium,Raw (Ore)
MALAYSIA,2021-2022,14.25,2022,Import,Lithium,Raw (Ore)
MEXICO,2021-2022,1.08,2022,Import,Lithium,Raw (Ore)
MOROCCO,2021-2022,0.31,2022,Import,Lithium,Raw (Ore)
MOZAMBIQUE,2021-2022,0.43,2022,Import,Lithium,Raw (Ore)
NETHERLAND,2021-2022,1.38,2022,Import,Lithium,Raw (Ore)
NEW ZEALAND,2021-2022,0.65,2022,Import,Lithium,Raw (Ore)
NORWAY,2021-2022,46.32,2022,Import,Lithium,Raw (Ore)
OMAN,2021-2022,0.58,2022,Import,Lithium,Raw (Ore)
RUSSIA,2021-2022,0.35,2022,Import,Lithium,Raw (Ore)
SAUDI ARAB,2021-2022,0.02,2022,Import,Lithium,Raw (Ore)
SINGAPORE,2021-2022,0.01,2022,Import,Lithium,Raw (Ore)
SOUTH AFRICA,2021-2022,5.76,2022,Import,Lithium,Raw (Ore)
SPAIN,2021-2022,0.93,2022,Import,Lithium,Raw (Ore)
TURKEY,2021-2022,80.12,2022,Import,Lithium,Raw (Ore)
U ARAB EMTS,2021-2022,81.67,2022,Import,Lithium,Raw (Ore)
U K,2021-2022,2.1,2022,Import,Lithium,Raw (Ore)
U S A,2021-2022,3.29,2022,Import,Lithium,Raw (Ore)
VIETNAM SOC REP,2021-2022,21.35,2022,Import,Lithium,Raw (Ore)
AUSTRALIA,2022-2023,0.01,2023,Import,Lithium,Raw (Ore)
AUSTRIA,2022-2023,0.16,2023,Import,Lithium,Raw (Ore)
BELGIUM,2022-2023,3.48,2023,Import,Lithium,Raw (Ore)
BRAZIL,2022-2023,6.45,2023,Import,Lithium,Raw (Ore)
CANADA,2022-2023,0.49,2023,Import,Lithium,Raw (Ore)
CHINA P RP,2022-2023,114.08,2023,Import,Lithium,Raw (Ore)
CROATIA,2022-2023,0.49,2023,Import,Lithium,Raw (Ore)
CZECH REPUBLIC,2022-2023,0.03,2023,Import,Lithium,Raw (Ore)
DENMARK,2022-2023,0.1,2023,Import,Lithium,Raw (Ore)
EGYPT A RP,2022-2023,7.33,2023,Import,Lithium,Raw (Ore)
ESTONIA,2022-2023,0.03,2023,Import,Lithium,Raw (Ore)
FINLAND,2022-2023,3.33,2023,Import,Lithium,Raw (Ore)
FRANCE,2022-2023,0.97,2023,Import,Lithium,Raw (Ore)
GERMANY,2022-2023,2.77,2023,Import,Lithium,Raw (Ore)
GREECE,2022-2023,5.74,2023,Import,Lithium,Raw (Ore)
HONG KONG,2022-2023,0.05,2023,Import,Lithium,Raw (Ore)
INDONESIA,2022-2023,5.24,2023,Import,Lithium,Raw (Ore)
IRAN,2022-2023,0.01,2023,Import,Lithium,Raw (Ore)
ITALY,2022-2023,0.06,2023,Import,Lithium,Raw (Ore)
JAPAN,2022-2023,2.32,2023,Import,Lithium,Raw (Ore)
KENYA,2022-2023,6.06,2023,Import,Lithium,Raw (Ore)
KOREA RP,2022-2023,0.25,2023,Import,Lithium,Raw (Ore)
MADAGASCAR,2022-2023,0.83,2023,Import,Lithium,Raw (Ore)
MALAYSIA,2022-2023,16.02,2023,Import,Lithium,Raw (Ore)
MALDIVES,2022-2023,0.01,2023,Import,Lithium,Raw (Ore)
MEXICO,2022-2023,1.06,2023,Import,Lithium,Raw (Ore)
MOROCCO,2022-2023,0.76,2023,Import,Lithium,Raw (Ore)
MOZAMBIQUE,2022-2023,2.62,2023,Import,Lithium,Raw (Ore)
NETHERLAND,2022-2023,2.63,2023,Import,Lithium,Raw (Ore)
NEW ZEALAND,2022-2023,0.22,2023,Import,Lithium,Raw (Ore)
NORWAY,2022-2023,87.37,2023,Import,Lithium,Raw (Ore)
RUSSIA,2022-2023,0.85,2023,Import,Lithium,Raw (Ore)
SINGAPORE,2022-2023,0.01,2023,Import,Lithium,Raw (Ore)
SLOVENIA,2022-2023,0.18,2023,Import,Lithium,Raw (Ore)
SOUTH AFRICA,2022-2023,1.15,2023,Import,Lithium,Raw (Ore)
SPAIN,2022-2023,0.16,2023,Import,Lithium,Raw (Ore)
THAILAND,2022-2023,0.28,2023,Import,Lithium,Raw (Ore)
TURKEY,2022-2023,84.7,2023,Import,Lithium,Raw (Ore)
U ARAB EMTS,2022-2023,165.76,2023,Import,Lithium,Raw (Ore)
U K,2022-2023,2.57,2023,Import,Lithium,Raw (Ore)
U S A,2022-2023,3.74,2023,Import,Lithium,Raw (Ore)
UNSPECIFIED,2022-2023,2.33,2023,Import,Lithium,Raw (Ore)
VIETNAM SOC REP,2022-2023,28.23,2023,Import,Lithium,Raw (Ore)
AUSTRALIA,2023-2024,4.37,2024,Import,Lithium,Raw (Ore)
AUSTRIA,2023-2024,0.15,2024,Import,Lithium,Raw (Ore)
BELGIUM,2023-2024,4.59,2024,Import,Lithium,Raw (Ore)
BRAZIL,2023-2024,3.03,2024,Import,Lithium,Raw (Ore)
CANADA,2023-2024,1.23,2024,Import,Lithium,Raw (Ore)
CHINA P RP,2023-2024,132.31,2024,Import,Lithium,Raw (Ore)
CROATIA,2023-2024,0.1,2024,Import,Lithium,Raw (Ore)
CZECH REPUBLIC,2023-2024,0.04,2024,Import,Lithium,Raw (Ore)
EGYPT A RP,2023-2024,5.43,2024,Import,Lithium,Raw (Ore)
FINLAND,2023-2024,1.82,2024,Import,Lithium,Raw (Ore)
FRANCE,2023-2024,0.75,2024,Import,Lithium,Raw (Ore)
GERMANY,2023-2024,4.06,2024,Import,Lithium,Raw (Ore)
GREECE,2023-2024,3.82,2024,Import,Lithium,Raw (Ore)
HONG KONG,2023-2024,0.11,2024,Import,Lithium,Raw (Ore)
INDONESIA,2023-2024,2.37,2024,Import,Lithium,Raw (Ore)
ITALY,2023-2024,0.02,2024,Import,Lithium,Raw (Ore)
JAPAN,2023-2024,2.86,2024,Import,Lithium,Raw (Ore)
KENYA,2023-2024,1.43,2024,Import,Lithium,Raw (Ore)
KOREA RP,2023-2024,0.04,2024,Import,Lithium,Raw (Ore)
MADAGASCAR,2023-2024,0.69,2024,Import,Lithium,Raw (Ore)
MALAYSIA,2023-2024,11.89,2024,Import,Lithium,Raw (Ore)
MEXICO,2023-2024,4.12,2024,Import,Lithium,Raw (Ore)
MOROCCO,2023-2024,0.25,2024,Import,Lithium,Raw (Ore)
MOZAMBIQUE,2023-2024,0.97,2024,Import,Lithium,Raw (Ore)
NETHERLAND,2023-2024,21.27,2024,Import,Lithium,Raw (Ore)
NORWAY,2023-2024,29.18,2024,Import,Lithium,Raw (Ore)
SAUDI ARAB,2023-2024,0.05,2024,Import,Lithium,Raw (Ore)
SLOVENIA,2023-2024,0.12,2024,Import,Lithium,Raw (Ore)
SOUTH AFRICA,2023-2024,0.59,2024,Import,Lithium,Raw (Ore)
SPAIN,2023-2024,0.91,2024,Import,Lithium,Raw (Ore)
TAIWAN,2023-2024,0.01,2024,Import,Lithium,Raw (Ore)
THAILAND,2023-2024,4.97,2024,Import,Lithium,Raw (Ore)
TURKEY,2023-2024,64.56,2024,Import,Lithium,Raw (Ore)
U ARAB EMTS,2023-2024,284.17,2024,Import,Lithium,Raw (Ore)
U K,2023-2024,3.12,2024,Import,Lithium,Raw (Ore)
U S A,2023-2024,26.42,2024,Import,Lithium,Raw (Ore)
VIETNAM SOC REP,2023-2024,51.06,2024,Import,Lithium,Raw (Ore)
AUSTRALIA,2024-2025,0.08,2025,Import,Lithium,Raw (Ore)
AUSTRIA,2024-2025,0.74,2025,Import,Lithium,Raw (Ore)
BELGIUM,2024-2025,4.34,2025,Import,Lithium,Raw (Ore)
CANADA,2024-2025,0.47,2025,Import,Lithium,Raw (Ore)
CHINA P RP,2024-2025,204.14,2025,Import,Lithium,Raw (Ore)
CROATIA,2024-2025,0.3,2025,Import,Lithium,Raw (Ore)
CYPRUS,2024-2025,0.01,2025,Import,Lithium,Raw (Ore)
CZECH REPUBLIC,2024-2025,0.06,2025,Import,Lithium,Raw (Ore)
EGYPT A RP,2024-2025,8.14,2025,Import,Lithium,Raw (Ore)
FINLAND,2024-2025,2.95,2025,Import,Lithium,Raw (Ore)
FRANCE,2024-2025,0.43,2025,Import,Lithium,Raw (Ore)
GERMANY,2024-2025,4.74,2025,Import,Lithium,Raw (Ore)
GREECE,2024-2025,5.91,2025,Import,Lithium,Raw (Ore)
HONG KONG,2024-2025,0.51,2025,Import,Lithium,Raw (Ore)
INDONESIA,2024-2025,0.16,2025,Import,Lithium,Raw (Ore)
JAPAN,2024-2025,3.9,2025,Import,Lithium,Raw (Ore)
KENYA,2024-2025,2.11,2025,Import,Lithium,Raw (Ore)
KOREA RP,2024-2025,0.55,2025,Import,Lithium,Raw (Ore)
LIBERIA,2024-2025,0.02,2025,Import,Lithium,Raw (Ore)
MADAGASCAR,2024-2025,1.32,2025,Import,Lithium,Raw (Ore)
MALAYSIA,2024-2025,11.76,2025,Import,Lithium,Raw (Ore)
MEXICO,2024-2025,1.97,2025,Import,Lithium,Raw (Ore)
MOROCCO,2024-2025,0.19,2025,Import,Lithium,Raw (Ore)
MOZAMBIQUE,2024-2025,1.43,2025,Import,Lithium,Raw (Ore)
NETHERLAND,2024-2025,34.29,2025,Import,Lithium,Raw (Ore)
NORWAY,2024-2025,1.86,2025,Import,Lithium,Raw (Ore)
SAUDI ARAB,2024-2025,0.03,2025,Import,Lithium,Raw (Ore)
SLOVENIA,2024-2025,0.05,2025,Import,Lithium,Raw (Ore)
SOUTH AFRICA,2024-2025,2.98,2025,Import,Lithium,Raw (Ore)
SPAIN,2024-2025,0.5,2025,Import,Lithium,Raw (Ore)
TAIWAN,2024-2025,0.01,2025,Import,Lithium,Raw (Ore)
THAILAND,2024-2025,0.66,2025,Import,Lithium,Raw (Ore)
TURKEY,2024-2025,108.96,2025,Import,Lithium,Raw (Ore)
U ARAB EMTS,2024-2025,346.12,2025,Import,Lithium,Raw (Ore)
U K,2024-2025,4.18,2025,Import,Lithium,Raw (Ore)
U S A,2024-2025,20.04,2025,Import,Lithium,Raw (Ore)
VIETNAM SOC REP,2024-2025,63.1,2025,Import,Lithium,Raw (Ore)
ANGOLA,2017-2018,0.02,2018,Export,Lithium,Raw (Ore)
AUSTRALIA,2017-2018,0.55,2018,Export,Lithium,Raw (Ore)
BAHARAIN IS,2017-2018,0.1,2018,Export,Lithium,Raw (Ore)
BANGLADESH PR,2017-2018,3.95,2018,Export,Lithium,Raw (Ore)
BELGIUM,2017-2018,12.33,2018,Export,Lithium,Raw (Ore)
BHUTAN,2017-2018,0.01,2018,Export,Lithium,Raw (Ore)
BRAZIL,2017-2018,0.01,2018,Export,Lithium,Raw (Ore)
BRUNEI,2017-2018,0.56,2018,Export,Lithium,Raw (Ore)
CAMEROON,2017-2018,0.12,2018,Export,Lithium,Raw (Ore)
CANADA,2017-2018,0.07,2018,Export,Lithium,Raw (Ore)
CHINA P RP,2017-2018,0.5,2018,Export,Lithium,Raw (Ore)
CONGO D. REP.,2017-2018,0.05,2018,Export,Lithium,Raw (Ore)
COTE D' IVOIRE,2017-2018,0.01,2018,Export,Lithium,Raw (Ore)
EGYPT A RP,2017-2018,0.87,2018,Export,Lithium,Raw (Ore)
ETHIOPIA,2017-2018,0.12,2018,Export,Lithium,Raw (Ore)
FRANCE,2017-2018,0.89,2018,Export,Lithium,Raw (Ore)
GERMANY,2017-2018,3.49,2018,Export,Lithium,Raw (Ore)
GHANA,2017-2018,0.01,2018,Export,Lithium,Raw (Ore)
GUINEA,2017-2018,0.02,2018,Export,Lithium,Raw (Ore)
INDONESIA,2017-2018,0.22,2018,Export,Lithium,Raw (Ore)
IRAN,2017-2018,7.02,2018,Export,Lithium,Raw (Ore)
ITALY,2017-2018,0.06,2018,Export,Lithium,Raw (Ore)
JAPAN,2017-2018,4.44,2018,Export,Lithium,Raw (Ore)
KENYA,2017-2018,0.05,2018,Export,Lithium,Raw (Ore)
KOREA RP,2017-2018,0.09,2018,Export,Lithium,Raw (Ore)
KUWAIT,2017-2018,8.49,2018,Export,Lithium,Raw (Ore)
MALAWI,2017-2018,0.01,2018,Export,Lithium,Raw (Ore)
MALAYSIA,2017-2018,2.79,2018,Export,Lithium,Raw (Ore)
MAURITIUS,2017-2018,0.02,2018,Export,Lithium,Raw (Ore)
MOZAMBIQUE,2017-2018,0.02,2018,Export,Lithium,Raw (Ore)
NEPAL,2017-2018,6.36,2018,Export,Lithium,Raw (Ore)
NETHERLAND,2017-2018,0.16,2018,Export,Lithium,Raw (Ore)
NIGERIA,2017-2018,0.03,2018,Export,Lithium,Raw (Ore)
NORWAY,2017-2018,0.2,2018,Export,Lithium,Raw (Ore)
OMAN,2017-2018,0.12,2018,Export,Lithium,Raw (Ore)
PAKISTAN IR,2017-2018,1.48,2018,Export,Lithium,Raw (Ore)
PAPUA N GNA,2017-2018,0.05,2018,Export,Lithium,Raw (Ore)
QATAR,2017-2018,3.19,2018,Export,Lithium,Raw (Ore)
REUNION,2017-2018,0.03,2018,Export,Lithium,Raw (Ore)
RUSSIA,2017-2018,2.74,2018,Export,Lithium,Raw (Ore)
SAUDI ARAB,2017-2018,7.67,2018,Export,Lithium,Raw (Ore)
SENEGAL,2017-2018,0.01,2018,Export,Lithium,Raw (Ore)
SINGAPORE,2017-2018,0.33,2018,Export,Lithium,Raw (Ore)
SOUTH AFRICA,2017-2018,0.01,2018,Export,Lithium,Raw (Ore)
SPAIN,2017-2018,0.07,2018,Export,Lithium,Raw (Ore)
SRI LANKA DSR,2017-2018,0.02,2018,Export,Lithium,Raw (Ore)
TAIWAN,2017-2018,0.01,2018,Export,Lithium,Raw (Ore)
TANZANIA REP,2017-2018,0.03,2018,Export,Lithium,Raw (Ore)
THAILAND,2017-2018,0.56,2018,Export,Lithium,Raw (Ore)
TURKEY,2017-2018,0.04,2018,Export,Lithium,Raw (Ore)
U ARAB EMTS,2017-2018,3.22,2018,Export,Lithium,Raw (Ore)
U K,2017-2018,0.45,2018,Export,Lithium,Raw (Ore)
U S A,2017-2018,2.93,2018,Export,Lithium,Raw (Ore)
UGANDA,2017-2018,0.01,2018,Export,Lithium,Raw (Ore)
VIETNAM SOC REP,2017-2018,0.09,2018,Export,Lithium,Raw (Ore)
YEMEN REPUBLC,2017-2018,0.02,2018,Export,Lithium,Raw (Ore)
ZAMBIA,2017-2018,0.06,2018,Export,Lithium,Raw (Ore)
ALGERIA,2018-2019,0.7,2019,Export,Lithium,Raw (Ore)
ANGOLA,2018-2019,0.16,2019,Export,Lithium,Raw (Ore)
AUSTRALIA,2018-2019,0.77,2019,Export,Lithium,Raw (Ore)
AZERBAIJAN,2018-2019,0.06,2019,Export,Lithium,Raw (Ore)
BAHARAIN IS,2018-2019,0.08,2019,Export,Lithium,Raw (Ore)
BANGLADESH PR,2018-2019,6.85,2019,Export,Lithium,Raw (Ore)
BELGIUM,2018-2019,15.15,2019,Export,Lithium,Raw (Ore)
BHUTAN,2018-2019,0.02,2019,Export,Lithium,Raw (Ore)
BRAZIL,2018-2019,1.88,2019,Export,Lithium,Raw (Ore)
BRUNEI,2018-2019,0.72,2019,Export,Lithium,Raw (Ore)
BURUNDI,2018-2019,0.01,2019,Export,Lithium,Raw (Ore)
CAMEROON,2018-2019,0.71,2019,Export,Lithium,Raw (Ore)
CANADA,2018-2019,0.05,2019,Export,Lithium,Raw (Ore)
CHINA P RP,2018-2019,9.68,2019,Export,Lithium,Raw (Ore)
COTE D' IVOIRE,2018-2019,0.01,2019,Export,Lithium,Raw (Ore)
DENMARK,2018-2019,0.2,2019,Export,Lithium,Raw (Ore)
DJIBOUTI,2018-2019,0.07,2019,Export,Lithium,Raw (Ore)
EGYPT A RP,2018-2019,0.54,2019,Export,Lithium,Raw (Ore)
FIJI IS,2018-2019,0.22,2019,Export,Lithium,Raw (Ore)
FRANCE,2018-2019,1.48,2019,Export,Lithium,Raw (Ore)
GABON,2018-2019,0.05,2019,Export,Lithium,Raw (Ore)
GERMANY,2018-2019,4.09,2019,Export,Lithium,Raw (Ore)
GHANA,2018-2019,0.32,2019,Export,Lithium,Raw (Ore)
GUINEA,2018-2019,0.04,2019,Export,Lithium,Raw (Ore)
GUINEA BISSAU,2018-2019,0.03,2019,Export,Lithium,Raw (Ore)
HUNGARY,2018-2019,0.77,2019,Export,Lithium,Raw (Ore)
INDONESIA,2018-2019,1.07,2019,Export,Lithium,Raw (Ore)
IRAN,2018-2019,20.22,2019,Export,Lithium,Raw (Ore)
ISRAEL,2018-2019,0.02,2019,Export,Lithium,Raw (Ore)
ITALY,2018-2019,0.22,2019,Export,Lithium,Raw (Ore)
JAPAN,2018-2019,5.27,2019,Export,Lithium,Raw (Ore)
JORDAN,2018-2019,0.02,2019,Export,Lithium,Raw (Ore)
KOREA RP,2018-2019,0.15,2019,Export,Lithium,Raw (Ore)
KUWAIT,2018-2019,4.07,2019,Export,Lithium,Raw (Ore)
MALAWI,2018-2019,0.03,2019,Export,Lithium,Raw (Ore)
MALAYSIA,2018-2019,3.88,2019,Export,Lithium,Raw (Ore)
MALDIVES,2018-2019,0.02,2019,Export,Lithium,Raw (Ore)
MAURITANIA,2018-2019,0.01,2019,Export,Lithium,Raw (Ore)
MAURITIUS,2018-2019,0.06,2019,Export,Lithium,Raw (Ore)
MOZAMBIQUE,2018-2019,0.07,2019,Export,Lithium,Raw (Ore)
NEPAL,2018-2019,7.44,2019,Export,Lithium,Raw (Ore)
NETHERLAND,2018-2019,0.09,2019,Export,Lithium,Raw (Ore)
NEW ZEALAND,2018-2019,0.03,2019,Export,Lithium,Raw (Ore)
NIGERIA,2018-2019,0.44,2019,Export,Lithium,Raw (Ore)
NORWAY,2018-2019,0.19,2019,Export,Lithium,Raw (Ore)
OMAN,2018-2019,0.01,2019,Export,Lithium,Raw (Ore)
PAKISTAN IR,2018-2019,0.72,2019,Export,Lithium,Raw (Ore)
QATAR,2018-2019,1.67,2019,Export,Lithium,Raw (Ore)
RUSSIA,2018-2019,3.98,2019,Export,Lithium,Raw (Ore)
SAUDI ARAB,2018-2019,35.02,2019,Export,Lithium,Raw (Ore)
SINGAPORE,2018-2019,0.19,2019,Export,Lithium,Raw (Ore)
SOUTH AFRICA,2018-2019,0.17,2019,Export,Lithium,Raw (Ore)
SPAIN,2018-2019,0.43,2019,Export,Lithium,Raw (Ore)
SRI LANKA DSR,2018-2019,0.01,2019,Export,Lithium,Raw (Ore)
SUDAN,2018-2019,0.01,2019,Export,Lithium,Raw (Ore)
SWEDEN,2018-2019,0.01,2019,Export,Lithium,Raw (Ore)
SWITZERLAND,2018-2019,0.02,2019,Export,Lithium,Raw (Ore)
TANZANIA REP,2018-2019,0.04,2019,Export,Lithium,Raw (Ore)
THAILAND,2018-2019,0.34,2019,Export,Lithium,Raw (Ore)
TURKEY,2018-2019,0.05,2019,Export,Lithium,Raw (Ore)
U ARAB EMTS,2018-2019,3.9,2019,Export,Lithium,Raw (Ore)
U K,2018-2019,0.63,2019,Export,Lithium,Raw (Ore)
U S A,2018-2019,11.8,2019,Export,Lithium,Raw (Ore)
UGANDA,2018-2019,0.01,2019,Export,Lithium,Raw (Ore)
VIETNAM SOC REP,2018-2019,0.14,2019,Export,Lithium,Raw (Ore)
YEMEN REPUBLC,2018-2019,0.03,2019,Export,Lithium,Raw (Ore)
AFGHANISTAN,2019-2020,0.08,2020,Export,Lithium,Raw (Ore)
ALGERIA,2019-2020,0.16,2020,Export,Lithium,Raw (Ore)
ANGOLA,2019-2020,0.07,2020,Export,Lithium,Raw (Ore)
AUSTRALIA,2019-2020,2.32,2020,Export,Lithium,Raw (Ore)
AZERBAIJAN,2019-2020,0.19,2020,Export,Lithium,Raw (Ore)
BAHARAIN IS,2019-2020,0.28,2020,Export,Lithium,Raw (Ore)
BANGLADESH PR,2019-2020,3.88,2020,Export,Lithium,Raw (Ore)
BELGIUM,2019-2020,15.3,2020,Export,Lithium,Raw (Ore)
BHUTAN,2019-2020,0.02,2020,Export,Lithium,Raw (Ore)
BRUNEI,2019-2020,0.39,2020,Export,Lithium,Raw (Ore)
BURUNDI,2019-2020,0.01,2020,Export,Lithium,Raw (Ore)
CAMEROON,2019-2020,0.29,2020,Export,Lithium,Raw (Ore)
CANADA,2019-2020,0.09,2020,Export,Lithium,Raw (Ore)
CHINA P RP,2019-2020,1.72,2020,Export,Lithium,Raw (Ore)
EGYPT A RP,2019-2020,0.62,2020,Export,Lithium,Raw (Ore)
FIJI IS,2019-2020,0.21,2020,Export,Lithium,Raw (Ore)
FRANCE,2019-2020,0.79,2020,Export,Lithium,Raw (Ore)
GABON,2019-2020,0.27,2020,Export,Lithium,Raw (Ore)
GEORGIA,2019-2020,0.03,2020,Export,Lithium,Raw (Ore)
GERMANY,2019-2020,5.31,2020,Export,Lithium,Raw (Ore)
GHANA,2019-2020,0.01,2020,Export,Lithium,Raw (Ore)
GUINEA,2019-2020,0.01,2020,Export,Lithium,Raw (Ore)
HUNGARY,2019-2020,3.44,2020,Export,Lithium,Raw (Ore)
INDONESIA,2019-2020,1.16,2020,Export,Lithium,Raw (Ore)
IRAN,2019-2020,4.91,2020,Export,Lithium,Raw (Ore)
ITALY,2019-2020,0.23,2020,Export,Lithium,Raw (Ore)
JAPAN,2019-2020,3.62,2020,Export,Lithium,Raw (Ore)
JORDAN,2019-2020,0.02,2020,Export,Lithium,Raw (Ore)
KENYA,2019-2020,0.09,2020,Export,Lithium,Raw (Ore)
KOREA DP RP,2019-2020,0.05,2020,Export,Lithium,Raw (Ore)
KOREA RP,2019-2020,0.06,2020,Export,Lithium,Raw (Ore)
KUWAIT,2019-2020,0.46,2020,Export,Lithium,Raw (Ore)
MALAWI,2019-2020,0.01,2020,Export,Lithium,Raw (Ore)
MALAYSIA,2019-2020,1.88,2020,Export,Lithium,Raw (Ore)
MAURITIUS,2019-2020,0.02,2020,Export,Lithium,Raw (Ore)
MOZAMBIQUE,2019-2020,0.04,2020,Export,Lithium,Raw (Ore)
NEPAL,2019-2020,6.8,2020,Export,Lithium,Raw (Ore)
NETHERLAND,2019-2020,0.31,2020,Export,Lithium,Raw (Ore)
NEW ZEALAND,2019-2020,0.13,2020,Export,Lithium,Raw (Ore)
NIGERIA,2019-2020,0.17,2020,Export,Lithium,Raw (Ore)
NORWAY,2019-2020,0.09,2020,Export,Lithium,Raw (Ore)
OMAN,2019-2020,0.04,2020,Export,Lithium,Raw (Ore)
PAKISTAN IR,2019-2020,0.51,2020,Export,Lithium,Raw (Ore)
POLAND,2019-2020,0.16,2020,Export,Lithium,Raw (Ore)
QATAR,2019-2020,2.44,2020,Export,Lithium,Raw (Ore)
RUSSIA,2019-2020,4.1,2020,Export,Lithium,Raw (Ore)
SAUDI ARAB,2019-2020,16.34,2020,Export,Lithium,Raw (Ore)
SENEGAL,2019-2020,0.01,2020,Export,Lithium,Raw (Ore)
SINGAPORE,2019-2020,0.32,2020,Export,Lithium,Raw (Ore)
SOUTH AFRICA,2019-2020,0.29,2020,Export,Lithium,Raw (Ore)
SPAIN,2019-2020,1.14,2020,Export,Lithium,Raw (Ore)
SRI LANKA DSR,2019-2020,0.02,2020,Export,Lithium,Raw (Ore)
SWEDEN,2019-2020,0.02,2020,Export,Lithium,Raw (Ore)
TANZANIA REP,2019-2020,0.03,2020,Export,Lithium,Raw (Ore)
THAILAND,2019-2020,0.43,2020,Export,Lithium,Raw (Ore)
TURKEY,2019-2020,0.11,2020,Export,Lithium,Raw (Ore)
U ARAB EMTS,2019-2020,5.2,2020,Export,Lithium,Raw (Ore)
U K,2019-2020,0.64,2020,Export,Lithium,Raw (Ore)
U S A,2019-2020,10.37,2020,Export,Lithium,Raw (Ore)
UGANDA,2019-2020,0.01,2020,Export,Lithium,Raw (Ore)
VIETNAM SOC REP,2019-2020,0.04,2020,Export,Lithium,Raw (Ore)
YEMEN REPUBLC,2019-2020,0.02,2020,Export,Lithium,Raw (Ore)
ZAMBIA,2019-2020,0.04,2020,Export,Lithium,Raw (Ore)
ARGENTINA,2020-2021,0.05,2021,Export,Lithium,Raw (Ore)
AUSTRALIA,2020-2021,1.21,2021,Export,Lithium,Raw (Ore)
BAHARAIN IS,2020-2021,0.04,2021,Export,Lithium,Raw (Ore)
BANGLADESH PR,2020-2021,5.56,2021,Export,Lithium,Raw (Ore)
BELGIUM,2020-2021,17.65,2021,Export,Lithium,Raw (Ore)
BENIN,2020-2021,0.08,2021,Export,Lithium,Raw (Ore)
BHUTAN,2020-2021,0.02,2021,Export,Lithium,Raw (Ore)
BOLIVIA,2020-2021,0.01,2021,Export,Lithium,Raw (Ore)
BRUNEI,2020-2021,0.31,2021,Export,Lithium,Raw (Ore)
BULGARIA,2020-2021,0.08,2021,Export,Lithium,Raw (Ore)
CANADA,2020-2021,0.12,2021,Export,Lithium,Raw (Ore)
CHINA P RP,2020-2021,0.24,2021,Export,Lithium,Raw (Ore)
CONGO D. REP.,2020-2021,0.02,2021,Export,Lithium,Raw (Ore)
COTE D' IVOIRE,2020-2021,0.01,2021,Export,Lithium,Raw (Ore)
EGYPT A RP,2020-2021,0.15,2021,Export,Lithium,Raw (Ore)
FIJI IS,2020-2021,0.07,2021,Export,Lithium,Raw (Ore)
FRANCE,2020-2021,0.88,2021,Export,Lithium,Raw (Ore)
GERMANY,2020-2021,3.38,2021,Export,Lithium,Raw (Ore)
GHANA,2020-2021,0.12,2021,Export,Lithium,Raw (Ore)
GUINEA,2020-2021,0.01,2021,Export,Lithium,Raw (Ore)
HUNGARY,2020-2021,4.3,2021,Export,Lithium,Raw (Ore)
INDONESIA,2020-2021,0.53,2021,Export,Lithium,Raw (Ore)
IRAN,2020-2021,0.3,2021,Export,Lithium,Raw (Ore)
ISRAEL,2020-2021,0.12,2021,Export,Lithium,Raw (Ore)
ITALY,2020-2021,0.03,2021,Export,Lithium,Raw (Ore)
JAPAN,2020-2021,3.13,2021,Export,Lithium,Raw (Ore)
JORDAN,2020-2021,0.06,2021,Export,Lithium,Raw (Ore)
KENYA,2020-2021,0.17,2021,Export,Lithium,Raw (Ore)
KOREA RP,2020-2021,0.06,2021,Export,Lithium,Raw (Ore)
KUWAIT,2020-2021,0.16,2021,Export,Lithium,Raw (Ore)
LATVIA,2020-2021,0.2,2021,Export,Lithium,Raw (Ore)
LEBANON,2020-2021,0.19,2021,Export,Lithium,Raw (Ore)
LIBYA,2020-2021,0.11,2021,Export,Lithium,Raw (Ore)
MALAWI,2020-2021,0.08,2021,Export,Lithium,Raw (Ore)
MALAYSIA,2020-2021,1.38,2021,Export,Lithium,Raw (Ore)
MAURITIUS,2020-2021,0.1,2021,Export,Lithium,Raw (Ore)
MOZAMBIQUE,2020-2021,0.14,2021,Export,Lithium,Raw (Ore)
NEPAL,2020-2021,6.82,2021,Export,Lithium,Raw (Ore)
NETHERLAND,2020-2021,0.4,2021,Export,Lithium,Raw (Ore)
NIGERIA,2020-2021,0.04,2021,Export,Lithium,Raw (Ore)
NORWAY,2020-2021,0.41,2021,Export,Lithium,Raw (Ore)
OMAN,2020-2021,0.02,2021,Export,Lithium,Raw (Ore)
PHILIPPINES,2020-2021,0.12,2021,Export,Lithium,Raw (Ore)
POLAND,2020-2021,0.26,2021,Export,Lithium,Raw (Ore)
QATAR,2020-2021,0.45,2021,Export,Lithium,Raw (Ore)
RUSSIA,2020-2021,5.06,2021,Export,Lithium,Raw (Ore)
SAUDI ARAB,2020-2021,25.97,2021,Export,Lithium,Raw (Ore)
SENEGAL,2020-2021,0.07,2021,Export,Lithium,Raw (Ore)
SINGAPORE,2020-2021,0.49,2021,Export,Lithium,Raw (Ore)
SOUTH AFRICA,2020-2021,1.42,2021,Export,Lithium,Raw (Ore)
SPAIN,2020-2021,0.16,2021,Export,Lithium,Raw (Ore)
SRI LANKA DSR,2020-2021,0.04,2021,Export,Lithium,Raw (Ore)
SUDAN,2020-2021,0.01,2021,Export,Lithium,Raw (Ore)
TAIWAN,2020-2021,0.05,2021,Export,Lithium,Raw (Ore)
TANZANIA REP,2020-2021,0.06,2021,Export,Lithium,Raw (Ore)
THAILAND,2020-2021,0.09,2021,Export,Lithium,Raw (Ore)
TURKEY,2020-2021,0.12,2021,Export,Lithium,Raw (Ore)
U ARAB EMTS,2020-2021,2.82,2021,Export,Lithium,Raw (Ore)
U K,2020-2021,0.82,2021,Export,Lithium,Raw (Ore)
U S A,2020-2021,10.1,2021,Export,Lithium,Raw (Ore)
YEMEN REPUBLC,2020-2021,0.01,2021,Export,Lithium,Raw (Ore)
ANGOLA,2021-2022,0.2,2022,Export,Lithium,Raw (Ore)
AUSTRALIA,2021-2022,0.52,2022,Export,Lithium,Raw (Ore)
BAHARAIN IS,2021-2022,0.43,2022,Export,Lithium,Raw (Ore)
BANGLADESH PR,2021-2022,4.07,2022,Export,Lithium,Raw (Ore)
BELGIUM,2021-2022,16.78,2022,Export,Lithium,Raw (Ore)
BHUTAN,2021-2022,0.05,2022,Export,Lithium,Raw (Ore)
CAMEROON,2021-2022,0.01,2022,Export,Lithium,Raw (Ore)
CANADA,2021-2022,0.09,2022,Export,Lithium,Raw (Ore)
CHINA P RP,2021-2022,22.7,2022,Export,Lithium,Raw (Ore)
COLOMBIA,2021-2022,0.02,2022,Export,Lithium,Raw (Ore)
DENMARK,2021-2022,0.03,2022,Export,Lithium,Raw (Ore)
EGYPT A RP,2021-2022,0.18,2022,Export,Lithium,Raw (Ore)
FIJI IS,2021-2022,0.13,2022,Export,Lithium,Raw (Ore)
FRANCE,2021-2022,0.54,2022,Export,Lithium,Raw (Ore)
GABON,2021-2022,0.04,2022,Export,Lithium,Raw (Ore)
GAMBIA,2021-2022,0.01,2022,Export,Lithium,Raw (Ore)
GERMANY,2021-2022,3.02,2022,Export,Lithium,Raw (Ore)
GHANA,2021-2022,0.08,2022,Export,Lithium,Raw (Ore)
GREECE,2021-2022,0.06,2022,Export,Lithium,Raw (Ore)
GUINEA,2021-2022,0.03,2022,Export,Lithium,Raw (Ore)
HUNGARY,2021-2022,2.71,2022,Export,Lithium,Raw (Ore)
INDONESIA,2021-2022,4.75,2022,Export,Lithium,Raw (Ore)
IRAQ,2021-2022,0.27,2022,Export,Lithium,Raw (Ore)
ISRAEL,2021-2022,0.06,2022,Export,Lithium,Raw (Ore)
ITALY,2021-2022,6.78,2022,Export,Lithium,Raw (Ore)
JAPAN,2021-2022,3.31,2022,Export,Lithium,Raw (Ore)
KENYA,2021-2022,0.17,2022,Export,Lithium,Raw (Ore)
KOREA RP,2021-2022,0.09,2022,Export,Lithium,Raw (Ore)
KUWAIT,2021-2022,0.29,2022,Export,Lithium,Raw (Ore)
LATVIA,2021-2022,1.62,2022,Export,Lithium,Raw (Ore)
LIBYA,2021-2022,0.08,2022,Export,Lithium,Raw (Ore)
MALAWI,2021-2022,0.09,2022,Export,Lithium,Raw (Ore)
MALAYSIA,2021-2022,2.64,2022,Export,Lithium,Raw (Ore)
MALDIVES,2021-2022,0.01,2022,Export,Lithium,Raw (Ore)
MAURITANIA,2021-2022,0.02,2022,Export,Lithium,Raw (Ore)
MAURITIUS,2021-2022,0.04,2022,Export,Lithium,Raw (Ore)
MEXICO,2021-2022,4.12,2022,Export,Lithium,Raw (Ore)
MOZAMBIQUE,2021-2022,0.02,2022,Export,Lithium,Raw (Ore)
NEPAL,2021-2022,9.14,2022,Export,Lithium,Raw (Ore)
NETHERLAND,2021-2022,7.95,2022,Export,Lithium,Raw (Ore)
NEW ZEALAND,2021-2022,0.1,2022,Export,Lithium,Raw (Ore)
NIGERIA,2021-2022,0.03,2022,Export,Lithium,Raw (Ore)
NORWAY,2021-2022,0.62,2022,Export,Lithium,Raw (Ore)
OMAN,2021-2022,0.03,2022,Export,Lithium,Raw (Ore)
PERU,2021-2022,0.02,2022,Export,Lithium,Raw (Ore)
PHILIPPINES,2021-2022,0.27,2022,Export,Lithium,Raw (Ore)
POLAND,2021-2022,0.54,2022,Export,Lithium,Raw (Ore)
QATAR,2021-2022,0.03,2022,Export,Lithium,Raw (Ore)
SAUDI ARAB,2021-2022,39.5,2022,Export,Lithium,Raw (Ore)
SENEGAL,2021-2022,0.56,2022,Export,Lithium,Raw (Ore)
SINGAPORE,2021-2022,0.33,2022,Export,Lithium,Raw (Ore)
SOUTH AFRICA,2021-2022,2.54,2022,Export,Lithium,Raw (Ore)
SPAIN,2021-2022,16.66,2022,Export,Lithium,Raw (Ore)
SRI LANKA DSR,2021-2022,0.22,2022,Export,Lithium,Raw (Ore)
TAIWAN,2021-2022,0.09,2022,Export,Lithium,Raw (Ore)
TANZANIA REP,2021-2022,0.01,2022,Export,Lithium,Raw (Ore)
THAILAND,2021-2022,3.81,2022,Export,Lithium,Raw (Ore)
TURKEY,2021-2022,37.84,2022,Export,Lithium,Raw (Ore)
U ARAB EMTS,2021-2022,3.87,2022,Export,Lithium,Raw (Ore)
U K,2021-2022,1.04,2022,Export,Lithium,Raw (Ore)
U S A,2021-2022,8.55,2022,Export,Lithium,Raw (Ore)
VIETNAM SOC REP,2021-2022,0.01,2022,Export,Lithium,Raw (Ore)
ZAMBIA,2021-2022,0.02,2022,Export,Lithium,Raw (Ore)
ANGOLA,2022-2023,0.01,2023,Export,Lithium,Raw (Ore)
AUSTRALIA,2022-2023,1.11,2023,Export,Lithium,Raw (Ore)
BAHARAIN IS,2022-2023,0.52,2023,Export,Lithium,Raw (Ore)
BANGLADESH PR,2022-2023,6.24,2023,Export,Lithium,Raw (Ore)
BELGIUM,2022-2023,24.61,2023,Export,Lithium,Raw (Ore)
BENIN,2022-2023,0.01,2023,Export,Lithium,Raw (Ore)
BHUTAN,2022-2023,0.24,2023,Export,Lithium,Raw (Ore)
BRAZIL,2022-2023,3.64,2023,Export,Lithium,Raw (Ore)
BULGARIA,2022-2023,0.05,2023,Export,Lithium,Raw (Ore)
CANADA,2022-2023,0.63,2023,Export,Lithium,Raw (Ore)
CHINA P RP,2022-2023,5.47,2023,Export,Lithium,Raw (Ore)
DJIBOUTI,2022-2023,0.01,2023,Export,Lithium,Raw (Ore)
EGYPT A RP,2022-2023,0.29,2023,Export,Lithium,Raw (Ore)
FRANCE,2022-2023,0.72,2023,Export,Lithium,Raw (Ore)
GABON,2022-2023,0.01,2023,Export,Lithium,Raw (Ore)
GERMANY,2022-2023,3.01,2023,Export,Lithium,Raw (Ore)
GHANA,2022-2023,0.13,2023,Export,Lithium,Raw (Ore)
GUYANA,2022-2023,0.88,2023,Export,Lithium,Raw (Ore)
HONG KONG,2022-2023,8.52,2023,Export,Lithium,Raw (Ore)
HUNGARY,2022-2023,3.29,2023,Export,Lithium,Raw (Ore)
INDONESIA,2022-2023,1.74,2023,Export,Lithium,Raw (Ore)
IRAN,2022-2023,0.01,2023,Export,Lithium,Raw (Ore)
ITALY,2022-2023,2.84,2023,Export,Lithium,Raw (Ore)
JAPAN,2022-2023,2.51,2023,Export,Lithium,Raw (Ore)
JORDAN,2022-2023,0.01,2023,Export,Lithium,Raw (Ore)
KENYA,2022-2023,0.23,2023,Export,Lithium,Raw (Ore)
KOREA RP,2022-2023,1.38,2023,Export,Lithium,Raw (Ore)
KUWAIT,2022-2023,0.34,2023,Export,Lithium,Raw (Ore)
LATVIA,2022-2023,0.55,2023,Export,Lithium,Raw (Ore)
MALAWI,2022-2023,0.05,2023,Export,Lithium,Raw (Ore)
MALAYSIA,2022-2023,2.21,2023,Export,Lithium,Raw (Ore)
MALDIVES,2022-2023,0.01,2023,Export,Lithium,Raw (Ore)
MAURITIUS,2022-2023,0.06,2023,Export,Lithium,Raw (Ore)
MEXICO,2022-2023,0.45,2023,Export,Lithium,Raw (Ore)
MOROCCO,2022-2023,0.06,2023,Export,Lithium,Raw (Ore)
MOZAMBIQUE,2022-2023,0.14,2023,Export,Lithium,Raw (Ore)
MYANMAR,2022-2023,0.12,2023,Export,Lithium,Raw (Ore)
NEPAL,2022-2023,8.78,2023,Export,Lithium,Raw (Ore)
NETHERLAND,2022-2023,0.2,2023,Export,Lithium,Raw (Ore)
NEW ZEALAND,2022-2023,0.3,2023,Export,Lithium,Raw (Ore)
NIGERIA,2022-2023,0.08,2023,Export,Lithium,Raw (Ore)
NORWAY,2022-2023,0.28,2023,Export,Lithium,Raw (Ore)
OMAN,2022-2023,0.12,2023,Export,Lithium,Raw (Ore)
PERU,2022-2023,0.01,2023,Export,Lithium,Raw (Ore)
QATAR,2022-2023,0.47,2023,Export,Lithium,Raw (Ore)
RUSSIA,2022-2023,11.82,2023,Export,Lithium,Raw (Ore)
SAUDI ARAB,2022-2023,67.1,2023,Export,Lithium,Raw (Ore)
SENEGAL,2022-2023,0.79,2023,Export,Lithium,Raw (Ore)
SINGAPORE,2022-2023,0.21,2023,Export,Lithium,Raw (Ore)
SOUTH AFRICA,2022-2023,0.2,2023,Export,Lithium,Raw (Ore)
SPAIN,2022-2023,25.79,2023,Export,Lithium,Raw (Ore)
SRI LANKA DSR,2022-2023,0.01,2023,Export,Lithium,Raw (Ore)
SURINAME,2022-2023,0.01,2023,Export,Lithium,Raw (Ore)
TAIWAN,2022-2023,0.01,2023,Export,Lithium,Raw (Ore)
THAILAND,2022-2023,0.18,2023,Export,Lithium,Raw (Ore)
TURKEY,2022-2023,129.62,2023,Export,Lithium,Raw (Ore)
U ARAB EMTS,2022-2023,69.48,2023,Export,Lithium,Raw (Ore)
U K,2022-2023,0.77,2023,Export,Lithium,Raw (Ore)
U S A,2022-2023,6.34,2023,Export,Lithium,Raw (Ore)
UGANDA,2022-2023,0.05,2023,Export,Lithium,Raw (Ore)
VIETNAM SOC REP,2022-2023,0.25,2023,Export,Lithium,Raw (Ore)
YEMEN REPUBLC,2022-2023,0.06,2023,Export,Lithium,Raw (Ore)
ANGOLA,2023-2024,3.29,2024,Export,Lithium,Raw (Ore)
AUSTRALIA,2023-2024,1.67,2024,Export,Lithium,Raw (Ore)
BAHARAIN IS,2023-2024,0.63,2024,Export,Lithium,Raw (Ore)
BANGLADESH PR,2023-2024,7.45,2024,Export,Lithium,Raw (Ore)
BELGIUM,2023-2024,19.5,2024,Export,Lithium,Raw (Ore)
BENIN,2023-2024,0.01,2024,Export,Lithium,Raw (Ore)
BHUTAN,2023-2024,0.4,2024,Export,Lithium,Raw (Ore)
BRAZIL,2023-2024,0.1,2024,Export,Lithium,Raw (Ore)
BRUNEI,2023-2024,0.45,2024,Export,Lithium,Raw (Ore)
BULGARIA,2023-2024,0.05,2024,Export,Lithium,Raw (Ore)
CANADA,2023-2024,0.01,2024,Export,Lithium,Raw (Ore)
CHINA P RP,2023-2024,0.06,2024,Export,Lithium,Raw (Ore)
CONGO P REP,2023-2024,0.19,2024,Export,Lithium,Raw (Ore)
COSTA RICA,2023-2024,0.03,2024,Export,Lithium,Raw (Ore)
COTE D' IVOIRE,2023-2024,0.39,2024,Export,Lithium,Raw (Ore)
CZECH REPUBLIC,2023-2024,0.08,2024,Export,Lithium,Raw (Ore)
ECUADOR,2023-2024,0.23,2024,Export,Lithium,Raw (Ore)
EGYPT A RP,2023-2024,0.85,2024,Export,Lithium,Raw (Ore)
ETHIOPIA,2023-2024,0.02,2024,Export,Lithium,Raw (Ore)
FIJI IS,2023-2024,0.02,2024,Export,Lithium,Raw (Ore)
FRANCE,2023-2024,0.44,2024,Export,Lithium,Raw (Ore)
GABON,2023-2024,0.15,2024,Export,Lithium,Raw (Ore)
GERMANY,2023-2024,2.97,2024,Export,Lithium,Raw (Ore)
GREECE,2023-2024,0.04,2024,Export,Lithium,Raw (Ore)
GUYANA,2023-2024,0.12,2024,Export,Lithium,Raw (Ore)
HUNGARY,2023-2024,6.54,2024,Export,Lithium,Raw (Ore)
INDONESIA,2023-2024,1.76,2024,Export,Lithium,Raw (Ore)
IRAN,2023-2024,0.02,2024,Export,Lithium,Raw (Ore)
IRAQ,2023-2024,0.22,2024,Export,Lithium,Raw (Ore)
ITALY,2023-2024,5.31,2024,Export,Lithium,Raw (Ore)
JAPAN,2023-2024,3.1,2024,Export,Lithium,Raw (Ore)
JORDAN,2023-2024,0.02,2024,Export,Lithium,Raw (Ore)
KENYA,2023-2024,0.16,2024,Export,Lithium,Raw (Ore)
KUWAIT,2023-2024,0.37,2024,Export,Lithium,Raw (Ore)
LIBYA,2023-2024,0.21,2024,Export,Lithium,Raw (Ore)
MALAYSIA,2023-2024,1.36,2024,Export,Lithium,Raw (Ore)
MALDIVES,2023-2024,0.01,2024,Export,Lithium,Raw (Ore)
MAURITIUS,2023-2024,0.02,2024,Export,Lithium,Raw (Ore)
MEXICO,2023-2024,4.3,2024,Export,Lithium,Raw (Ore)
MOROCCO,2023-2024,0.15,2024,Export,Lithium,Raw (Ore)
MOZAMBIQUE,2023-2024,0.05,2024,Export,Lithium,Raw (Ore)
NEPAL,2023-2024,7.39,2024,Export,Lithium,Raw (Ore)
NETHERLAND,2023-2024,0.05,2024,Export,Lithium,Raw (Ore)
NEW ZEALAND,2023-2024,0.62,2024,Export,Lithium,Raw (Ore)
NIGERIA,2023-2024,0.02,2024,Export,Lithium,Raw (Ore)
NORWAY,2023-2024,0.13,2024,Export,Lithium,Raw (Ore)
OMAN,2023-2024,0.07,2024,Export,Lithium,Raw (Ore)
PAPUA N GNA,2023-2024,0.18,2024,Export,Lithium,Raw (Ore)
PERU,2023-2024,0.07,2024,Export,Lithium,Raw (Ore)
QATAR,2023-2024,0.17,2024,Export,Lithium,Raw (Ore)
RUSSIA,2023-2024,14.38,2024,Export,Lithium,Raw (Ore)
SAUDI ARAB,2023-2024,17.45,2024,Export,Lithium,Raw (Ore)
SENEGAL,2023-2024,0.05,2024,Export,Lithium,Raw (Ore)
SINGAPORE,2023-2024,0.19,2024,Export,Lithium,Raw (Ore)
SLOVENIA,2023-2024,0.05,2024,Export,Lithium,Raw (Ore)
SOUTH AFRICA,2023-2024,0.36,2024,Export,Lithium,Raw (Ore)
SPAIN,2023-2024,29.1,2024,Export,Lithium,Raw (Ore)
SRI LANKA DSR,2023-2024,1.3,2024,Export,Lithium,Raw (Ore)
SWITZERLAND,2023-2024,0.03,2024,Export,Lithium,Raw (Ore)
TAIWAN,2023-2024,0.05,2024,Export,Lithium,Raw (Ore)
TANZANIA REP,2023-2024,0.04,2024,Export,Lithium,Raw (Ore)
THAILAND,2023-2024,1.57,2024,Export,Lithium,Raw (Ore)
TRINIDAD,2023-2024,0.03,2024,Export,Lithium,Raw (Ore)
TUNISIA,2023-2024,0.01,2024,Export,Lithium,Raw (Ore)
TURKEY,2023-2024,74.42,2024,Export,Lithium,Raw (Ore)
U ARAB EMTS,2023-2024,95.79,2024,Export,Lithium,Raw (Ore)
U K,2023-2024,1.21,2024,Export,Lithium,Raw (Ore)
U S A,2023-2024,1.61,2024,Export,Lithium,Raw (Ore)
UGANDA,2023-2024,0.02,2024,Export,Lithium,Raw (Ore)
UKRAINE,2023-2024,0.02,2024,Export,Lithium,Raw (Ore)
UZBEKISTAN,2023-2024,0.06,2024,Export,Lithium,Raw (Ore)
VIETNAM SOC REP,2023-2024,0.01,2024,Export,Lithium,Raw (Ore)
ZAMBIA,2023-2024,0.07,2024,Export,Lithium,Raw (Ore)
ALGERIA,2024-2025,0.18,2025,Export,Lithium,Raw (Ore)
ANGOLA,2024-2025,1.15,2025,Export,Lithium,Raw (Ore)
AUSTRALIA,2024-2025,2.22,2025,Export,Lithium,Raw (Ore)
BAHARAIN IS,2024-2025,0.66,2025,Export,Lithium,Raw (Ore)
BANGLADESH PR,2024-2025,7.6,2025,Export,Lithium,Raw (Ore)
BELGIUM,2024-2025,18.59,2025,Export,Lithium,Raw (Ore)
BHUTAN,2024-2025,0.56,2025,Export,Lithium,Raw (Ore)
BRUNEI,2024-2025,0.2,2025,Export,Lithium,Raw (Ore)
BULGARIA,2024-2025,0.05,2025,Export,Lithium,Raw (Ore)
CAMEROON,2024-2025,0.36,2025,Export,Lithium,Raw (Ore)
CHINA P RP,2024-2025,0.46,2025,Export,Lithium,Raw (Ore)
CONGO D. REP.,2024-2025,0.04,2025,Export,Lithium,Raw (Ore)
CONGO P REP,2024-2025,0.81,2025,Export,Lithium,Raw (Ore)
ECUADOR,2024-2025,0.04,2025,Export,Lithium,Raw (Ore)
EGYPT A RP,2024-2025,1.62,2025,Export,Lithium,Raw (Ore)
FRANCE,2024-2025,0.69,2025,Export,Lithium,Raw (Ore)
GABON,2024-2025,1.24,2025,Export,Lithium,Raw (Ore)
GERMANY,2024-2025,2.28,2025,Export,Lithium,Raw (Ore)
GREECE,2024-2025,0.1,2025,Export,Lithium,Raw (Ore)
GUYANA,2024-2025,0.37,2025,Export,Lithium,Raw (Ore)
HUNGARY,2024-2025,2.83,2025,Export,Lithium,Raw (Ore)
INDONESIA,2024-2025,2.84,2025,Export,Lithium,Raw (Ore)
IRAQ,2024-2025,0.14,2025,Export,Lithium,Raw (Ore)
ITALY,2024-2025,5.61,2025,Export,Lithium,Raw (Ore)
JAPAN,2024-2025,4.69,2025,Export,Lithium,Raw (Ore)
JORDAN,2024-2025,0.01,2025,Export,Lithium,Raw (Ore)
KENYA,2024-2025,0.64,2025,Export,Lithium,Raw (Ore)
KUWAIT,2024-2025,0.68,2025,Export,Lithium,Raw (Ore)
LIBYA,2024-2025,0.61,2025,Export,Lithium,Raw (Ore)
MALAYSIA,2024-2025,1.22,2025,Export,Lithium,Raw (Ore)
MAURITIUS,2024-2025,0.09,2025,Export,Lithium,Raw (Ore)
MEXICO,2024-2025,0.2,2025,Export,Lithium,Raw (Ore)
MOZAMBIQUE,2024-2025,0.29,2025,Export,Lithium,Raw (Ore)
NEPAL,2024-2025,8.81,2025,Export,Lithium,Raw (Ore)
NEW ZEALAND,2024-2025,0.29,2025,Export,Lithium,Raw (Ore)
NIGERIA,2024-2025,0.19,2025,Export,Lithium,Raw (Ore)
OMAN,2024-2025,0.06,2025,Export,Lithium,Raw (Ore)
PERU,2024-2025,0.09,2025,Export,Lithium,Raw (Ore)
PHILIPPINES,2024-2025,2.15,2025,Export,Lithium,Raw (Ore)
POLAND,2024-2025,0.48,2025,Export,Lithium,Raw (Ore)
QATAR,2024-2025,1.2,2025,Export,Lithium,Raw (Ore)
RUSSIA,2024-2025,33.24,2025,Export,Lithium,Raw (Ore)
SAUDI ARAB,2024-2025,9.27,2025,Export,Lithium,Raw (Ore)
SEYCHELLES,2024-2025,0.01,2025,Export,Lithium,Raw (Ore)
SINGAPORE,2024-2025,0.14,2025,Export,Lithium,Raw (Ore)
SLOVENIA,2024-2025,0.03,2025,Export,Lithium,Raw (Ore)
SOUTH AFRICA,2024-2025,1.27,2025,Export,Lithium,Raw (Ore)
SPAIN,2024-2025,20.9,2025,Export,Lithium,Raw (Ore)
SRI LANKA DSR,2024-2025,2.15,2025,Export,Lithium,Raw (Ore)
SUDAN,2024-2025,0.01,2025,Export,Lithium,Raw (Ore)
TANZANIA REP,2024-2025,0.03,2025,Export,Lithium,Raw (Ore)
THAILAND,2024-2025,2.14,2025,Export,Lithium,Raw (Ore)
TRINIDAD,2024-2025,0.06,2025,Export,Lithium,Raw (Ore)
TURKEY,2024-2025,22.41,2025,Export,Lithium,Raw (Ore)
U ARAB EMTS,2024-2025,67.14,2025,Export,Lithium,Raw (Ore)
U K,2024-2025,0.76,2025,Export,Lithium,Raw (Ore)
U S A,2024-2025,2.94,2025,Export,Lithium,Raw (Ore)
YEMEN REPUBLC,2024-2025,0.02,2025,Export,Lithium,Raw (Ore)
ZAMBIA,2024-2025,0.03,2025,Export,Lithium,Raw (Ore)
ARGENTINA,2017-2018,15.05,2018,Import,Lithium,Carbonate
AUSTRIA,2017-2018,0.36,2018,Import,Lithium,Carbonate
BELGIUM,2017-2018,1.75,2018,Import,Lithium,Carbonate
CHILE,2017-2018,34.6,2018,Import,Lithium,Carbonate
FRANCE,2017-2018,0.41,2018,Import,Lithium,Carbonate
IRELAND,2017-2018,3.22,2018,Import,Lithium,Carbonate
ITALY,2017-2018,0.11,2018,Import,Lithium,Carbonate
JAPAN,2017-2018,0.04,2018,Import,Lithium,Carbonate
SLOVENIA,2017-2018,3.5,2018,Import,Lithium,Carbonate
U K,2017-2018,1.97,2018,Import,Lithium,Carbonate
U S A,2017-2018,22.75,2018,Import,Lithium,Carbonate
ARGENTINA,2018-2019,2.8,2019,Import,Lithium,Carbonate
AUSTRIA,2018-2019,2.22,2019,Import,Lithium,Carbonate
BELGIUM,2018-2019,16.66,2019,Import,Lithium,Carbonate
CHILE,2018-2019,28.09,2019,Import,Lithium,Carbonate
CHINA P RP,2018-2019,14.44,2019,Import,Lithium,Carbonate
FRANCE,2018-2019,0.41,2019,Import,Lithium,Carbonate
GERMANY,2018-2019,0.01,2019,Import,Lithium,Carbonate
IRELAND,2018-2019,1.66,2019,Import,Lithium,Carbonate
ITALY,2018-2019,0.2,2019,Import,Lithium,Carbonate
SINGAPORE,2018-2019,0.95,2019,Import,Lithium,Carbonate
SLOVENIA,2018-2019,4.19,2019,Import,Lithium,Carbonate
U K,2018-2019,2.71,2019,Import,Lithium,Carbonate
U S A,2018-2019,34.12,2019,Import,Lithium,Carbonate
ARGENTINA,2019-2020,4.65,2020,Import,Lithium,Carbonate
BELGIUM,2019-2020,17.37,2020,Import,Lithium,Carbonate
CHILE,2019-2020,9.39,2020,Import,Lithium,Carbonate
CHINA P RP,2019-2020,4.51,2020,Import,Lithium,Carbonate
GERMANY,2019-2020,0.11,2020,Import,Lithium,Carbonate
IRELAND,2019-2020,0.36,2020,Import,Lithium,Carbonate
ITALY,2019-2020,0.18,2020,Import,Lithium,Carbonate
JAPAN,2019-2020,1.22,2020,Import,Lithium,Carbonate
MALAYSIA,2019-2020,0.11,2020,Import,Lithium,Carbonate
NETHERLAND,2019-2020,1.44,2020,Import,Lithium,Carbonate
SINGAPORE,2019-2020,6.05,2020,Import,Lithium,Carbonate
SLOVENIA,2019-2020,4.52,2020,Import,Lithium,Carbonate
U K,2019-2020,1.46,2020,Import,Lithium,Carbonate
U S A,2019-2020,28.09,2020,Import,Lithium,Carbonate
ARGENTINA,2020-2021,2.57,2021,Import,Lithium,Carbonate
AUSTRIA,2020-2021,0.88,2021,Import,Lithium,Carbonate
BELGIUM,2020-2021,12.92,2021,Import,Lithium,Carbonate
CANADA,2020-2021,0.34,2021,Import,Lithium,Carbonate
CHILE,2020-2021,4.71,2021,Import,Lithium,Carbonate
CHINA P RP,2020-2021,2.71,2021,Import,Lithium,Carbonate
GERMANY,2020-2021,4.83,2021,Import,Lithium,Carbonate
IRELAND,2020-2021,1.62,2021,Import,Lithium,Carbonate
ITALY,2020-2021,0.08,2021,Import,Lithium,Carbonate
JAPAN,2020-2021,0.01,2021,Import,Lithium,Carbonate
NETHERLAND,2020-2021,0.43,2021,Import,Lithium,Carbonate
SINGAPORE,2020-2021,5.62,2021,Import,Lithium,Carbonate
U K,2020-2021,0.59,2021,Import,Lithium,Carbonate
U S A,2020-2021,26.12,2021,Import,Lithium,Carbonate
ARGENTINA,2021-2022,3.06,2022,Import,Lithium,Carbonate
AUSTRIA,2021-2022,3.46,2022,Import,Lithium,Carbonate
BELGIUM,2021-2022,25.74,2022,Import,Lithium,Carbonate
CANADA,2021-2022,1.46,2022,Import,Lithium,Carbonate
CHILE,2021-2022,2.09,2022,Import,Lithium,Carbonate
CHINA P RP,2021-2022,2.62,2022,Import,Lithium,Carbonate
GERMANY,2021-2022,2.77,2022,Import,Lithium,Carbonate
IRELAND,2021-2022,1.26,2022,Import,Lithium,Carbonate
ITALY,2021-2022,0.12,2022,Import,Lithium,Carbonate
NETHERLAND,2021-2022,0.84,2022,Import,Lithium,Carbonate
SINGAPORE,2021-2022,1.35,2022,Import,Lithium,Carbonate
SLOVENIA,2021-2022,3.47,2022,Import,Lithium,Carbonate
U K,2021-2022,1.24,2022,Import,Lithium,Carbonate
U S A,2021-2022,15.36,2022,Import,Lithium,Carbonate
ARGENTINA,2022-2023,11.91,2023,Import,Lithium,Carbonate
BELGIUM,2022-2023,95.33,2023,Import,Lithium,Carbonate
CHILE,2022-2023,2.34,2023,Import,Lithium,Carbonate
CHINA P RP,2022-2023,0.02,2023,Import,Lithium,Carbonate
GERMANY,2022-2023,5.91,2023,Import,Lithium,Carbonate
IRELAND,2022-2023,1.0,2023,Import,Lithium,Carbonate
NETHERLAND,2022-2023,1.76,2023,Import,Lithium,Carbonate
SLOVENIA,2022-2023,4.73,2023,Import,Lithium,Carbonate
U K,2022-2023,22.9,2023,Import,Lithium,Carbonate
U S A,2022-2023,33.11,2023,Import,Lithium,Carbonate
ARGENTINA,2023-2024,31.27,2024,Import,Lithium,Carbonate
BELGIUM,2023-2024,38.61,2024,Import,Lithium,Carbonate
BRAZIL,2023-2024,14.38,2024,Import,Lithium,Carbonate
CHILE,2023-2024,3.04,2024,Import,Lithium,Carbonate
CHINA P RP,2023-2024,32.72,2024,Import,Lithium,Carbonate
GERMANY,2023-2024,13.41,2024,Import,Lithium,Carbonate
IRELAND,2023-2024,1.9,2024,Import,Lithium,Carbonate
JAPAN,2023-2024,0.32,2024,Import,Lithium,Carbonate
NETHERLAND,2023-2024,0.99,2024,Import,Lithium,Carbonate
SINGAPORE,2023-2024,0.14,2024,Import,Lithium,Carbonate
SLOVENIA,2023-2024,9.05,2024,Import,Lithium,Carbonate
U K,2023-2024,6.09,2024,Import,Lithium,Carbonate
U S A,2023-2024,51.73,2024,Import,Lithium,Carbonate
BELGIUM,2024-2025,8.26,2025,Import,Lithium,Carbonate
BRAZIL,2024-2025,0.14,2025,Import,Lithium,Carbonate
CANADA,2024-2025,5.99,2025,Import,Lithium,Carbonate
CHILE,2024-2025,13.76,2025,Import,Lithium,Carbonate
CHINA P RP,2024-2025,27.59,2025,Import,Lithium,Carbonate
GERMANY,2024-2025,9.31,2025,Import,Lithium,Carbonate
IRELAND,2024-2025,1.9,2025,Import,Lithium,Carbonate
ITALY,2024-2025,0.07,2025,Import,Lithium,Carbonate
JAPAN,2024-2025,0.59,2025,Import,Lithium,Carbonate
THAILAND,2024-2025,0.16,2025,Import,Lithium,Carbonate
U ARAB EMTS,2024-2025,0.02,2025,Import,Lithium,Carbonate
U K,2024-2025,2.42,2025,Import,Lithium,Carbonate
U S A,2024-2025,33.47,2025,Import,Lithium,Carbonate
BANGLADESH PR,2017-2018,0.06,2018,Export,Lithium,Carbonate
GERMANY,2017-2018,0.09,2018,Export,Lithium,Carbonate
GHANA,2017-2018,0.01,2018,Export,Lithium,Carbonate
ISRAEL,2017-2018,0.04,2018,Export,Lithium,Carbonate
JAPAN,2017-2018,0.12,2018,Export,Lithium,Carbonate
NEPAL,2017-2018,0.21,2018,Export,Lithium,Carbonate
RUSSIA,2017-2018,13.02,2018,Export,Lithium,Carbonate
SINGAPORE,2017-2018,0.05,2018,Export,Lithium,Carbonate
TAIWAN,2017-2018,0.15,2018,Export,Lithium,Carbonate
THAILAND,2017-2018,0.16,2018,Export,Lithium,Carbonate
U ARAB EMTS,2017-2018,0.14,2018,Export,Lithium,Carbonate
U S A,2017-2018,0.19,2018,Export,Lithium,Carbonate
URUGUAY,2017-2018,0.07,2018,Export,Lithium,Carbonate
VIETNAM SOC REP,2017-2018,1.7,2018,Export,Lithium,Carbonate
BANGLADESH PR,2018-2019,0.09,2019,Export,Lithium,Carbonate
BOSNIA-HRZGOVIN,2018-2019,0.01,2019,Export,Lithium,Carbonate
ECUADOR,2018-2019,0.06,2019,Export,Lithium,Carbonate
GERMANY,2018-2019,0.01,2019,Export,Lithium,Carbonate
HONDURAS,2018-2019,0.09,2019,Export,Lithium,Carbonate
ISRAEL,2018-2019,0.01,2019,Export,Lithium,Carbonate
MALAYSIA,2018-2019,0.43,2019,Export,Lithium,Carbonate
NICARAGUA,2018-2019,0.1,2019,Export,Lithium,Carbonate
PERU,2018-2019,0.02,2019,Export,Lithium,Carbonate
RUSSIA,2018-2019,13.29,2019,Export,Lithium,Carbonate
SPAIN,2018-2019,0.07,2019,Export,Lithium,Carbonate
SRI LANKA DSR,2018-2019,0.01,2019,Export,Lithium,Carbonate
U S A,2018-2019,0.38,2019,Export,Lithium,Carbonate
URUGUAY,2018-2019,0.19,2019,Export,Lithium,Carbonate
VIETNAM SOC REP,2018-2019,4.62,2019,Export,Lithium,Carbonate
BANGLADESH PR,2019-2020,0.33,2020,Export,Lithium,Carbonate
CHINA P RP,2019-2020,0.29,2020,Export,Lithium,Carbonate
DOMINIC REP,2019-2020,0.09,2020,Export,Lithium,Carbonate
EGYPT A RP,2019-2020,0.04,2020,Export,Lithium,Carbonate
IRAN,2019-2020,5.24,2020,Export,Lithium,Carbonate
ISRAEL,2019-2020,0.02,2020,Export,Lithium,Carbonate
LEBANON,2019-2020,0.03,2020,Export,Lithium,Carbonate
MALAYSIA,2019-2020,0.48,2020,Export,Lithium,Carbonate
NEPAL,2019-2020,0.16,2020,Export,Lithium,Carbonate
NIGERIA,2019-2020,0.05,2020,Export,Lithium,Carbonate
PERU,2019-2020,0.01,2020,Export,Lithium,Carbonate
SAUDI ARAB,2019-2020,0.04,2020,Export,Lithium,Carbonate
SWITZERLAND,2019-2020,0.02,2020,Export,Lithium,Carbonate
TAIWAN,2019-2020,0.14,2020,Export,Lithium,Carbonate
THAILAND,2019-2020,0.07,2020,Export,Lithium,Carbonate
U ARAB EMTS,2019-2020,0.04,2020,Export,Lithium,Carbonate
U S A,2019-2020,0.63,2020,Export,Lithium,Carbonate
URUGUAY,2019-2020,0.04,2020,Export,Lithium,Carbonate
VIETNAM SOC REP,2019-2020,3.9,2020,Export,Lithium,Carbonate
BANGLADESH PR,2020-2021,0.88,2021,Export,Lithium,Carbonate
ECUADOR,2020-2021,0.03,2021,Export,Lithium,Carbonate
EGYPT A RP,2020-2021,0.05,2021,Export,Lithium,Carbonate
GERMANY,2020-2021,0.05,2021,Export,Lithium,Carbonate
JAPAN,2020-2021,0.01,2021,Export,Lithium,Carbonate
KENYA,2020-2021,0.02,2021,Export,Lithium,Carbonate
MALAYSIA,2020-2021,0.4,2021,Export,Lithium,Carbonate
NEPAL,2020-2021,0.07,2021,Export,Lithium,Carbonate
SINGAPORE,2020-2021,0.01,2021,Export,Lithium,Carbonate
SRI LANKA DSR,2020-2021,0.01,2021,Export,Lithium,Carbonate
SWITZERLAND,2020-2021,0.19,2021,Export,Lithium,Carbonate
TAIWAN,2020-2021,0.07,2021,Export,Lithium,Carbonate
THAILAND,2020-2021,0.4,2021,Export,Lithium,Carbonate
U S A,2020-2021,0.06,2021,Export,Lithium,Carbonate
URUGUAY,2020-2021,0.19,2021,Export,Lithium,Carbonate
VIETNAM SOC REP,2020-2021,2.96,2021,Export,Lithium,Carbonate
ARGENTINA,2021-2022,0.02,2022,Export,Lithium,Carbonate
BANGLADESH PR,2021-2022,0.71,2022,Export,Lithium,Carbonate
CANADA,2021-2022,0.01,2022,Export,Lithium,Carbonate
DOMINIC REP,2021-2022,0.1,2022,Export,Lithium,Carbonate
ECUADOR,2021-2022,0.1,2022,Export,Lithium,Carbonate
EGYPT A RP,2021-2022,0.01,2022,Export,Lithium,Carbonate
GERMANY,2021-2022,0.01,2022,Export,Lithium,Carbonate
ISRAEL,2021-2022,0.04,2022,Export,Lithium,Carbonate
KENYA,2021-2022,0.02,2022,Export,Lithium,Carbonate
KOREA RP,2021-2022,0.02,2022,Export,Lithium,Carbonate
MALAYSIA,2021-2022,0.57,2022,Export,Lithium,Carbonate
MOROCCO,2021-2022,0.01,2022,Export,Lithium,Carbonate
NEPAL,2021-2022,0.18,2022,Export,Lithium,Carbonate
NIGERIA,2021-2022,0.01,2022,Export,Lithium,Carbonate
PARAGUAY,2021-2022,0.11,2022,Export,Lithium,Carbonate
SPAIN,2021-2022,0.08,2022,Export,Lithium,Carbonate
SRI LANKA DSR,2021-2022,0.02,2022,Export,Lithium,Carbonate
SWITZERLAND,2021-2022,1.13,2022,Export,Lithium,Carbonate
TAIWAN,2021-2022,0.07,2022,Export,Lithium,Carbonate
THAILAND,2021-2022,0.5,2022,Export,Lithium,Carbonate
TURKEY,2021-2022,0.02,2022,Export,Lithium,Carbonate
U ARAB EMTS,2021-2022,1.44,2022,Export,Lithium,Carbonate
U S A,2021-2022,1.2,2022,Export,Lithium,Carbonate
URUGUAY,2021-2022,0.23,2022,Export,Lithium,Carbonate
VIETNAM SOC REP,2021-2022,3.83,2022,Export,Lithium,Carbonate
AUSTRALIA,2022-2023,0.07,2023,Export,Lithium,Carbonate
BANGLADESH PR,2022-2023,1.01,2023,Export,Lithium,Carbonate
BELGIUM,2022-2023,0.34,2023,Export,Lithium,Carbonate
CHINA P RP,2022-2023,27.32,2023,Export,Lithium,Carbonate
COLOMBIA,2022-2023,0.11,2023,Export,Lithium,Carbonate
ECUADOR,2022-2023,0.47,2023,Export,Lithium,Carbonate
KOREA RP,2022-2023,0.01,2023,Export,Lithium,Carbonate
MALAYSIA,2022-2023,0.84,2023,Export,Lithium,Carbonate
NEPAL,2022-2023,0.28,2023,Export,Lithium,Carbonate
RUSSIA,2022-2023,38.24,2023,Export,Lithium,Carbonate
SRI LANKA DSR,2022-2023,0.07,2023,Export,Lithium,Carbonate
THAILAND,2022-2023,3.15,2023,Export,Lithium,Carbonate
TURKEY,2022-2023,0.03,2023,Export,Lithium,Carbonate
U ARAB EMTS,2022-2023,0.07,2023,Export,Lithium,Carbonate
U S A,2022-2023,2.54,2023,Export,Lithium,Carbonate
URUGUAY,2022-2023,0.74,2023,Export,Lithium,Carbonate
VIETNAM SOC REP,2022-2023,2.83,2023,Export,Lithium,Carbonate
BANGLADESH PR,2023-2024,0.19,2024,Export,Lithium,Carbonate
BELGIUM,2023-2024,0.06,2024,Export,Lithium,Carbonate
CHINA P RP,2023-2024,20.25,2024,Export,Lithium,Carbonate
COLOMBIA,2023-2024,0.19,2024,Export,Lithium,Carbonate
DOMINIC REP,2023-2024,0.52,2024,Export,Lithium,Carbonate
ECUADOR,2023-2024,0.86,2024,Export,Lithium,Carbonate
GERMANY,2023-2024,0.12,2024,Export,Lithium,Carbonate
ITALY,2023-2024,0.05,2024,Export,Lithium,Carbonate
JORDAN,2023-2024,0.01,2024,Export,Lithium,Carbonate
KOREA RP,2023-2024,1.84,2024,Export,Lithium,Carbonate
MALAYSIA,2023-2024,0.78,2024,Export,Lithium,Carbonate
NEPAL,2023-2024,0.31,2024,Export,Lithium,Carbonate
PERU,2023-2024,0.01,2024,Export,Lithium,Carbonate
RUSSIA,2023-2024,4.75,2024,Export,Lithium,Carbonate
SPAIN,2023-2024,0.15,2024,Export,Lithium,Carbonate
SRI LANKA DSR,2023-2024,2.16,2024,Export,Lithium,Carbonate
TAIWAN,2023-2024,0.08,2024,Export,Lithium,Carbonate
THAILAND,2023-2024,1.12,2024,Export,Lithium,Carbonate
TURKEY,2023-2024,13.49,2024,Export,Lithium,Carbonate
U ARAB EMTS,2023-2024,7.53,2024,Export,Lithium,Carbonate
U S A,2023-2024,3.37,2024,Export,Lithium,Carbonate
URUGUAY,2023-2024,0.88,2024,Export,Lithium,Carbonate
VIETNAM SOC REP,2023-2024,2.4,2024,Export,Lithium,Carbonate
ARGENTINA,2024-2025,0.04,2025,Export,Lithium,Carbonate
BANGLADESH PR,2024-2025,2.84,2025,Export,Lithium,Carbonate
BELGIUM,2024-2025,0.3,2025,Export,Lithium,Carbonate
BRAZIL,2024-2025,0.23,2025,Export,Lithium,Carbonate
CANADA,2024-2025,3.58,2025,Export,Lithium,Carbonate
CROATIA,2024-2025,0.01,2025,Export,Lithium,Carbonate
DENMARK,2024-2025,1.32,2025,Export,Lithium,Carbonate
DOMINIC REP,2024-2025,0.09,2025,Export,Lithium,Carbonate
ECUADOR,2024-2025,1.04,2025,Export,Lithium,Carbonate
EGYPT A RP,2024-2025,2.26,2025,Export,Lithium,Carbonate
FINLAND,2024-2025,0.32,2025,Export,Lithium,Carbonate
HONDURAS,2024-2025,0.13,2025,Export,Lithium,Carbonate
ITALY,2024-2025,0.3,2025,Export,Lithium,Carbonate
KENYA,2024-2025,0.11,2025,Export,Lithium,Carbonate
KOREA RP,2024-2025,11.67,2025,Export,Lithium,Carbonate
MALAYSIA,2024-2025,0.66,2025,Export,Lithium,Carbonate
MOROCCO,2024-2025,0.03,2025,Export,Lithium,Carbonate
NEPAL,2024-2025,0.44,2025,Export,Lithium,Carbonate
NETHERLAND,2024-2025,0.24,2025,Export,Lithium,Carbonate
OMAN,2024-2025,0.06,2025,Export,Lithium,Carbonate
PAKISTAN IR,2024-2025,0.06,2025,Export,Lithium,Carbonate
PERU,2024-2025,0.01,2025,Export,Lithium,Carbonate
RUSSIA,2024-2025,0.05,2025,Export,Lithium,Carbonate
SAUDI ARAB,2024-2025,0.09,2025,Export,Lithium,Carbonate
SPAIN,2024-2025,1.42,2025,Export,Lithium,Carbonate
SRI LANKA DSR,2024-2025,1.43,2025,Export,Lithium,Carbonate
TAIWAN,2024-2025,0.03,2025,Export,Lithium,Carbonate
THAILAND,2024-2025,2.15,2025,Export,Lithium,Carbonate
TURKEY,2024-2025,0.01,2025,Export,Lithium,Carbonate
U ARAB EMTS,2024-2025,2.19,2025,Export,Lithium,Carbonate
U S A,2024-2025,0.31,2025,Export,Lithium,Carbonate
URUGUAY,2024-2025,1.01,2025,Export,Lithium,Carbonate
VIETNAM SOC REP,2024-2025,2.86,2025,Export,Lithium,Carbonate
ZAMBIA,2024-2025,0.01,2025,Export,Lithium,Carbonate
